filename,width,height,class,xmin,ymin,xmax,ymax,index
1.1.4_C1_00001.png,960,540,cabinet,0,2,188,128,5
1.1.4_C1_00001.png,960,540,cabinet,386,0,644,133,5
1.1.4_C1_00001.png,960,540,sink,416,196,501,266,5
1.1.4_C1_00001.png,960,540,toaster oven,69,228,182,282,5
1.1.4_C1_00001.png,960,540,tray,92,220,152,233,5
1.1.4_C1_00001.png,960,540,bagel,42,262,75,288,5
1.1.4_C1_00001.png,960,540,bread,5,268,38,294,5
1.1.4_C1_00001.png,960,540,paper towel,905,156,960,188,5
1.1.4_C1_00001.png,960,540,refrigerator,792,83,960,540,5
1.1.4_C1_00001.png,960,540,cutting board,536,216,584,258,5
1.1.4_C1_00001.png,960,540,spray bottle,49,322,114,452,5
1.1.4_C1_00001.png,960,540,box,138,393,238,453,5
1.1.4_C1_00002.png,960,540,sink,420,198,500,267,15
1.1.4_C1_00002.png,960,540,kettle,570,225,614,278,15
1.1.4_C1_00002.png,960,540,cutting board,534,216,589,259,15
1.1.4_C1_00002.png,960,540,cabinet,389,0,644,132,15
1.1.4_C1_00002.png,960,540,cabinet,0,4,188,128,15
1.1.4_C1_00002.png,960,540,toaster oven,78,230,183,282,15
1.1.4_C1_00002.png,960,540,tray,89,221,152,232,15
1.1.4_C1_00002.png,960,540,bagel,39,259,74,290,15
1.1.4_C1_00002.png,960,540,bread,3,266,40,294,15
1.1.4_C1_00002.png,960,540,refrigerator,798,84,960,540,15
1.1.4_C1_00002.png,960,540,paper towel,906,156,960,187,15
1.1.4_C1_00002.png,960,540,spray bottle,52,320,112,452,15
1.1.4_C1_00002.png,960,540,box,140,393,236,456,15
1.1.4_C1_00002.png,960,540,apple,425,220,444,241,15
1.1.4_C1_00003.png,960,540,cabinet,384,0,644,134,25
1.1.4_C1_00003.png,960,540,cabinet,0,0,188,128,25
1.1.4_C1_00003.png,960,540,kettle,571,224,614,278,25
1.1.4_C1_00003.png,960,540,sink,424,203,499,268,25
1.1.4_C1_00003.png,960,540,refrigerator,798,83,960,540,25
1.1.4_C1_00003.png,960,540,toaster oven,81,232,183,278,25
1.1.4_C1_00003.png,960,540,tray,89,219,154,232,25
1.1.4_C1_00003.png,960,540,bagel,42,260,74,288,25
1.1.4_C1_00003.png,960,540,bread,7,266,40,293,25
1.1.4_C1_00003.png,960,540,spray bottle,51,321,114,456,25
1.1.4_C1_00003.png,960,540,box,136,389,237,456,25
1.1.4_C1_00003.png,960,540,paper towel,905,155,960,188,25
1.1.4_C1_00004.png,960,540,cabinet,2,0,188,128,35
1.1.4_C1_00004.png,960,540,cabinet,385,0,644,133,35
1.1.4_C1_00004.png,960,540,refrigerator,800,84,960,540,35
1.1.4_C1_00004.png,960,540,paper towel,904,156,960,188,35
1.1.4_C1_00004.png,960,540,kettle,571,224,614,278,35
1.1.4_C1_00004.png,960,540,apple,404,368,436,398,35
1.1.4_C1_00004.png,960,540,knife,394,354,433,393,35
1.1.4_C1_00004.png,960,540,cutting board,340,376,494,426,35
1.1.4_C1_00004.png,960,540,toaster oven,83,232,184,278,35
1.1.4_C1_00004.png,960,540,tray,91,221,153,233,35
1.1.4_C1_00004.png,960,540,bagel,42,262,73,287,35
1.1.4_C1_00004.png,960,540,bread,5,266,40,294,35
1.1.4_C1_00004.png,960,540,spray bottle,48,318,113,453,35
1.1.4_C1_00004.png,960,540,box,137,393,236,452,35
1.1.4_C1_00005.png,960,540,cabinet,386,0,644,132,45
1.1.4_C1_00005.png,960,540,cabinet,0,4,188,128,45
1.1.4_C1_00005.png,960,540,toaster oven,80,230,181,280,45
1.1.4_C1_00005.png,960,540,tray,88,221,153,232,45
1.1.4_C1_00005.png,960,540,bagel,42,259,74,288,45
1.1.4_C1_00005.png,960,540,bread,4,266,38,294,45
1.1.4_C1_00005.png,960,540,box,142,398,238,456,45
1.1.4_C1_00005.png,960,540,spray bottle,48,321,117,455,45
1.1.4_C1_00005.png,960,540,apple,370,368,400,396,45
1.1.4_C1_00005.png,960,540,apple,414,376,476,404,45
1.1.4_C1_00005.png,960,540,cutting board,342,378,496,427,45
1.1.4_C1_00005.png,960,540,knife,408,350,422,386,45
1.1.4_C1_00005.png,960,540,kettle,572,224,614,277,45
1.1.4_C1_00005.png,960,540,refrigerator,798,85,960,539,45
1.1.4_C1_00005.png,960,540,paper towel,904,156,960,188,45
1.1.4_C1_00006.png,960,540,spray bottle,52,320,112,452,55
1.1.4_C1_00006.png,960,540,cabinet,389,0,644,132,55
1.1.4_C1_00006.png,960,540,cabinet,0,4,188,128,55
1.1.4_C1_00006.png,960,540,refrigerator,798,84,960,540,55
1.1.4_C1_00006.png,960,540,sink,342,380,499,428,55
1.1.4_C1_00006.png,960,540,bread,3,266,40,294,55
1.1.4_C1_00006.png,960,540,bagel,39,259,74,290,55
1.1.4_C1_00006.png,960,540,tray,89,221,152,232,55
1.1.4_C1_00006.png,960,540,toaster oven,78,230,183,282,55
1.1.4_C1_00006.png,960,540,box,140,393,236,456,55
1.1.4_C1_00006.png,960,540,cutting board,534,216,589,259,55
1.1.4_C1_00006.png,960,540,paper towel,906,156,960,187,55
1.1.4_C1_00006.png,960,540,kettle,570,225,614,278,55
1.1.4_C1_00006.png,960,540,knife,372,347,401,380,55
1.1.4_C1_00006.png,960,540,apple,424,386,478,406,55
1.1.4_C1_00006.png,960,540,apple,373,379,428,402,55
1.1.4_C1_00007.png,960,540,spray bottle,52,320,112,452,65
1.1.4_C1_00007.png,960,540,cabinet,389,0,644,132,65
1.1.4_C1_00007.png,960,540,cabinet,0,4,188,128,65
1.1.4_C1_00007.png,960,540,refrigerator,798,84,960,540,65
1.1.4_C1_00007.png,960,540,bread,3,266,40,294,65
1.1.4_C1_00007.png,960,540,bagel,39,259,74,290,65
1.1.4_C1_00007.png,960,540,tray,89,221,152,232,65
1.1.4_C1_00007.png,960,540,toaster oven,78,230,183,282,65
1.1.4_C1_00007.png,960,540,box,140,393,236,456,65
1.1.4_C1_00007.png,960,540,paper towel,906,156,960,187,65
1.1.4_C1_00007.png,960,540,kettle,570,225,614,278,65
1.1.4_C1_00007.png,960,540,plate,482,335,588,365,65
1.1.4_C1_00007.png,960,540,apple,424,392,480,408,65
1.1.4_C1_00007.png,960,540,apple,376,375,430,397,65
1.1.4_C1_00007.png,960,540,knife,335,387,446,416,65
1.1.4_C1_00007.png,960,540,cutting board,346,382,501,430,65
1.1.4_C1_00008.png,960,540,spray bottle,52,320,112,452,75
1.1.4_C1_00008.png,960,540,cabinet,389,0,644,132,75
1.1.4_C1_00008.png,960,540,cabinet,0,4,188,128,75
1.1.4_C1_00008.png,960,540,refrigerator,798,84,960,540,75
1.1.4_C1_00008.png,960,540,bread,3,266,40,294,75
1.1.4_C1_00008.png,960,540,bagel,39,259,74,290,75
1.1.4_C1_00008.png,960,540,tray,89,221,152,232,75
1.1.4_C1_00008.png,960,540,toaster oven,78,230,183,282,75
1.1.4_C1_00008.png,960,540,box,140,393,236,456,75
1.1.4_C1_00008.png,960,540,cutting board,292,368,431,414,75
1.1.4_C1_00008.png,960,540,paper towel,906,156,960,187,75
1.1.4_C1_00008.png,960,540,kettle,570,225,614,278,75
1.1.4_C1_00008.png,960,540,apple,413,388,474,409,75
1.1.4_C1_00008.png,960,540,plate,396,392,514,433,75
1.1.4_C1_00008.png,960,540,knife,284,370,370,406,75
1.1.4_C1_00009.png,960,540,spray bottle,52,320,112,452,85
1.1.4_C1_00009.png,960,540,cabinet,389,0,644,132,85
1.1.4_C1_00009.png,960,540,cabinet,0,4,188,128,85
1.1.4_C1_00009.png,960,540,refrigerator,798,84,960,540,85
1.1.4_C1_00009.png,960,540,bread,3,266,40,294,85
1.1.4_C1_00009.png,960,540,bagel,39,259,74,290,85
1.1.4_C1_00009.png,960,540,tray,89,221,152,232,85
1.1.4_C1_00009.png,960,540,toaster oven,78,230,183,282,85
1.1.4_C1_00009.png,960,540,box,140,393,236,456,85
1.1.4_C1_00009.png,960,540,cutting board,530,156,583,214,85
1.1.4_C1_00009.png,960,540,paper towel,906,156,960,187,85
1.1.4_C1_00009.png,960,540,kettle,570,225,614,278,85
1.1.4_C1_00009.png,960,540,apple,411,384,472,412,85
1.1.4_C1_00009.png,960,540,plate,396,393,514,432,85
1.1.4_C1_00009.png,960,540,knife,572,165,594,200,85
1.1.4_C1_00010.png,960,540,spray bottle,52,320,112,452,95
1.1.4_C1_00010.png,960,540,cabinet,389,0,644,132,95
1.1.4_C1_00010.png,960,540,cabinet,0,4,188,128,95
1.1.4_C1_00010.png,960,540,refrigerator,798,84,960,540,95
1.1.4_C1_00010.png,960,540,sink,420,198,500,267,95
1.1.4_C1_00010.png,960,540,bread,122,220,156,268,95
1.1.4_C1_00010.png,960,540,bagel,39,259,74,290,95
1.1.4_C1_00010.png,960,540,tray,89,221,152,232,95
1.1.4_C1_00010.png,960,540,toaster oven,83,228,188,280,95
1.1.4_C1_00010.png,960,540,box,140,393,236,456,95
1.1.4_C1_00010.png,960,540,cutting board,534,216,589,259,95
1.1.4_C1_00010.png,960,540,paper towel,906,156,960,187,95
1.1.4_C1_00010.png,960,540,kettle,570,225,614,278,95
1.1.4_C1_00010.png,960,540,plate,398,394,515,432,95
1.1.4_C1_00010.png,960,540,apple,413,388,474,412,95
1.1.4_C1_00011.png,960,540,spray bottle,52,320,112,452,105
1.1.4_C1_00011.png,960,540,cabinet,389,0,644,132,105
1.1.4_C1_00011.png,960,540,cabinet,0,4,188,128,105
1.1.4_C1_00011.png,960,540,refrigerator,798,84,960,540,105
1.1.4_C1_00011.png,960,540,sink,420,198,500,267,105
1.1.4_C1_00011.png,960,540,bread,201,247,230,286,105
1.1.4_C1_00011.png,960,540,bagel,39,259,74,290,105
1.1.4_C1_00011.png,960,540,tray,89,221,152,232,105
1.1.4_C1_00011.png,960,540,toaster oven,78,230,183,282,105
1.1.4_C1_00011.png,960,540,box,140,393,236,456,105
1.1.4_C1_00011.png,960,540,cutting board,534,216,589,259,105
1.1.4_C1_00011.png,960,540,paper towel,906,156,960,187,105
1.1.4_C1_00011.png,960,540,kettle,570,225,614,278,105
1.1.4_C1_00011.png,960,540,plate,396,393,515,432,105
1.1.4_C1_00011.png,960,540,apple,414,386,474,412,105
1.1.4_C1_00012.png,960,540,spray bottle,52,320,112,452,115
1.1.4_C1_00012.png,960,540,cabinet,389,0,644,132,115
1.1.4_C1_00012.png,960,540,cabinet,0,4,188,128,115
1.1.4_C1_00012.png,960,540,refrigerator,798,84,960,540,115
1.1.4_C1_00012.png,960,540,sink,420,198,500,267,115
1.1.4_C1_00012.png,960,540,bread,208,238,236,266,115
1.1.4_C1_00012.png,960,540,bagel,39,259,74,290,115
1.1.4_C1_00012.png,960,540,tray,89,221,152,232,115
1.1.4_C1_00012.png,960,540,toaster oven,78,230,183,282,115
1.1.4_C1_00012.png,960,540,box,140,393,236,456,115
1.1.4_C1_00012.png,960,540,cutting board,534,216,589,259,115
1.1.4_C1_00012.png,960,540,paper towel,906,156,960,187,115
1.1.4_C1_00012.png,960,540,kettle,570,225,614,278,115
1.1.4_C1_00012.png,960,540,bread,116,249,144,258,115
1.1.4_C1_00012.png,960,540,plate,396,392,514,432,115
1.1.4_C1_00012.png,960,540,apple,411,387,474,412,115
1.1.4_C1_00013.png,960,540,spray bottle,52,320,112,452,125
1.1.4_C1_00013.png,960,540,cabinet,389,0,644,132,125
1.1.4_C1_00013.png,960,540,cabinet,0,4,188,128,125
1.1.4_C1_00013.png,960,540,refrigerator,798,84,960,540,125
1.1.4_C1_00013.png,960,540,sink,420,198,500,267,125
1.1.4_C1_00013.png,960,540,bread,182,246,212,285,125
1.1.4_C1_00013.png,960,540,bagel,39,259,74,290,125
1.1.4_C1_00013.png,960,540,tray,89,221,152,232,125
1.1.4_C1_00013.png,960,540,toaster oven,78,230,183,282,125
1.1.4_C1_00013.png,960,540,box,140,393,236,456,125
1.1.4_C1_00013.png,960,540,cutting board,534,216,589,259,125
1.1.4_C1_00013.png,960,540,paper towel,906,156,960,187,125
1.1.4_C1_00013.png,960,540,kettle,570,225,614,278,125
1.1.4_C1_00013.png,960,540,plate,396,394,513,432,125
1.1.4_C1_00013.png,960,540,apple,412,386,471,413,125
1.1.4_C1_00013.png,960,540,bread,108,250,144,260,125
1.1.4_C1_00014.png,960,540,spray bottle,52,320,112,452,135
1.1.4_C1_00014.png,960,540,cabinet,389,0,644,132,135
1.1.4_C1_00014.png,960,540,cabinet,0,4,188,128,135
1.1.4_C1_00014.png,960,540,refrigerator,798,84,960,540,135
1.1.4_C1_00014.png,960,540,bread,3,266,40,294,135
1.1.4_C1_00014.png,960,540,bagel,39,259,74,290,135
1.1.4_C1_00014.png,960,540,tray,89,221,152,232,135
1.1.4_C1_00014.png,960,540,toaster oven,78,230,183,282,135
1.1.4_C1_00014.png,960,540,box,140,393,236,456,135
1.1.4_C1_00014.png,960,540,paper towel,906,156,960,187,135
1.1.4_C1_00014.png,960,540,kettle,570,225,614,278,135
1.1.4_C1_00014.png,960,540,jam,384,350,415,390,135
1.1.4_C1_00014.png,960,540,apple,413,388,474,410,135
1.1.4_C1_00014.png,960,540,plate,396,395,515,432,135
1.1.4_C1_00014.png,960,540,bread,108,252,143,258,135
1.1.4_C1_00015.png,960,540,spray bottle,52,320,112,452,145
1.1.4_C1_00015.png,960,540,cabinet,389,0,644,132,145
1.1.4_C1_00015.png,960,540,cabinet,0,4,188,128,145
1.1.4_C1_00015.png,960,540,refrigerator,798,84,960,540,145
1.1.4_C1_00015.png,960,540,bread,3,266,40,294,145
1.1.4_C1_00015.png,960,540,bagel,39,259,74,290,145
1.1.4_C1_00015.png,960,540,tray,89,221,152,232,145
1.1.4_C1_00015.png,960,540,toaster oven,78,230,183,282,145
1.1.4_C1_00015.png,960,540,box,140,393,236,456,145
1.1.4_C1_00015.png,960,540,cutting board,534,216,589,259,145
1.1.4_C1_00015.png,960,540,paper towel,906,156,960,187,145
1.1.4_C1_00015.png,960,540,kettle,570,225,614,278,145
1.1.4_C1_00015.png,960,540,bread,111,250,143,260,145
1.1.4_C1_00015.png,960,540,jam,390,349,420,388,145
1.1.4_C1_00015.png,960,540,knife,330,372,360,380,145
1.1.4_C1_00015.png,960,540,apple,411,386,474,413,145
1.1.4_C1_00015.png,960,540,plate,398,392,512,432,145
1.1.4_C1_00016.png,960,540,spray bottle,52,320,112,452,155
1.1.4_C1_00016.png,960,540,cabinet,389,0,644,132,155
1.1.4_C1_00016.png,960,540,cabinet,0,4,188,128,155
1.1.4_C1_00016.png,960,540,refrigerator,798,84,960,540,155
1.1.4_C1_00016.png,960,540,bread,3,266,40,294,155
1.1.4_C1_00016.png,960,540,bagel,39,259,74,290,155
1.1.4_C1_00016.png,960,540,tray,89,221,152,232,155
1.1.4_C1_00016.png,960,540,toaster oven,78,230,183,282,155
1.1.4_C1_00016.png,960,540,box,140,393,236,456,155
1.1.4_C1_00016.png,960,540,cutting board,534,216,589,259,155
1.1.4_C1_00016.png,960,540,paper towel,906,156,960,187,155
1.1.4_C1_00016.png,960,540,kettle,570,225,614,278,155
1.1.4_C1_00016.png,960,540,jam,388,348,420,389,155
1.1.4_C1_00016.png,960,540,knife,391,320,402,358,155
1.1.4_C1_00016.png,960,540,apple,413,386,474,414,155
1.1.4_C1_00016.png,960,540,plate,398,392,514,432,155
1.1.4_C1_00016.png,960,540,bread,110,252,144,258,155
1.1.4_C1_00017.png,960,540,spray bottle,52,320,112,452,165
1.1.4_C1_00017.png,960,540,cabinet,389,0,644,132,165
1.1.4_C1_00017.png,960,540,cabinet,0,4,188,128,165
1.1.4_C1_00017.png,960,540,refrigerator,798,84,960,540,165
1.1.4_C1_00017.png,960,540,sink,420,198,500,267,165
1.1.4_C1_00017.png,960,540,bread,3,266,40,294,165
1.1.4_C1_00017.png,960,540,bagel,39,259,74,290,165
1.1.4_C1_00017.png,960,540,tray,89,221,152,232,165
1.1.4_C1_00017.png,960,540,toaster oven,78,230,183,282,165
1.1.4_C1_00017.png,960,540,box,140,393,236,456,165
1.1.4_C1_00017.png,960,540,cutting board,534,216,589,259,165
1.1.4_C1_00017.png,960,540,paper towel,906,156,960,187,165
1.1.4_C1_00017.png,960,540,kettle,570,225,614,278,165
1.1.4_C1_00017.png,960,540,bread,112,252,145,259,165
1.1.4_C1_00017.png,960,540,plate,182,282,251,297,165
1.1.4_C1_00017.png,960,540,apple,205,276,242,290,165
1.1.4_C1_00017.png,960,540,jam,388,349,418,388,165
1.1.4_C1_00017.png,960,540,knife,364,322,395,358,165
1.1.4_C1_00018.png,960,540,spray bottle,52,320,112,452,175
1.1.4_C1_00018.png,960,540,cabinet,389,0,644,132,175
1.1.4_C1_00018.png,960,540,cabinet,0,4,188,128,175
1.1.4_C1_00018.png,960,540,refrigerator,798,84,960,540,175
1.1.4_C1_00018.png,960,540,sink,420,198,500,267,175
1.1.4_C1_00018.png,960,540,bread,3,266,40,294,175
1.1.4_C1_00018.png,960,540,bagel,39,259,74,290,175
1.1.4_C1_00018.png,960,540,tray,89,221,152,232,175
1.1.4_C1_00018.png,960,540,toaster oven,78,230,183,282,175
1.1.4_C1_00018.png,960,540,box,140,393,236,456,175
1.1.4_C1_00018.png,960,540,cutting board,534,216,589,259,175
1.1.4_C1_00018.png,960,540,paper towel,906,156,960,187,175
1.1.4_C1_00018.png,960,540,kettle,570,225,614,278,175
1.1.4_C1_00018.png,960,540,bread,142,230,172,259,175
1.1.4_C1_00018.png,960,540,apple,204,273,245,288,175
1.1.4_C1_00018.png,960,540,plate,180,280,254,292,175
1.1.4_C1_00018.png,960,540,jam,386,350,418,390,175
1.1.4_C1_00018.png,960,540,knife,366,322,398,362,175
1.1.4_C1_00019.png,960,540,spray bottle,52,320,112,452,185
1.1.4_C1_00019.png,960,540,cabinet,389,0,644,132,185
1.1.4_C1_00019.png,960,540,cabinet,0,4,188,128,185
1.1.4_C1_00019.png,960,540,refrigerator,798,84,960,540,185
1.1.4_C1_00019.png,960,540,bread,3,266,40,294,185
1.1.4_C1_00019.png,960,540,bagel,39,259,74,290,185
1.1.4_C1_00019.png,960,540,tray,89,221,152,232,185
1.1.4_C1_00019.png,960,540,toaster oven,78,230,183,282,185
1.1.4_C1_00019.png,960,540,box,140,393,236,456,185
1.1.4_C1_00019.png,960,540,cutting board,534,216,589,259,185
1.1.4_C1_00019.png,960,540,paper towel,906,156,960,187,185
1.1.4_C1_00019.png,960,540,kettle,570,225,614,278,185
1.1.4_C1_00019.png,960,540,bread,455,365,493,395,185
1.1.4_C1_00019.png,960,540,apple,406,377,466,400,185
1.1.4_C1_00019.png,960,540,jam,380,354,411,394,185
1.1.4_C1_00019.png,960,540,knife,361,336,388,364,185
1.1.4_C1_00019.png,960,540,plate,388,382,498,420,185
1.1.4_C1_00020.png,960,540,spray bottle,52,320,112,452,195
1.1.4_C1_00020.png,960,540,cabinet,389,0,644,132,195
1.1.4_C1_00020.png,960,540,cabinet,0,4,188,128,195
1.1.4_C1_00020.png,960,540,refrigerator,798,84,960,540,195
1.1.4_C1_00020.png,960,540,bread,3,266,40,294,195
1.1.4_C1_00020.png,960,540,bagel,39,259,74,290,195
1.1.4_C1_00020.png,960,540,tray,89,221,152,232,195
1.1.4_C1_00020.png,960,540,toaster oven,78,230,183,282,195
1.1.4_C1_00020.png,960,540,box,140,393,236,456,195
1.1.4_C1_00020.png,960,540,cutting board,534,216,589,259,195
1.1.4_C1_00020.png,960,540,paper towel,906,156,960,187,195
1.1.4_C1_00020.png,960,540,kettle,570,225,614,278,195
1.1.4_C1_00020.png,960,540,bread,434,326,478,344,195
1.1.4_C1_00020.png,960,540,knife,388,319,442,336,195
1.1.4_C1_00020.png,960,540,apple,403,378,466,399,195
1.1.4_C1_00020.png,960,540,plate,386,386,500,419,195
1.1.4_C1_00020.png,960,540,jam,383,352,412,390,195
1.1.4_C1_00021.png,960,540,spray bottle,52,320,112,452,205
1.1.4_C1_00021.png,960,540,cabinet,389,0,644,132,205
1.1.4_C1_00021.png,960,540,cabinet,0,4,188,128,205
1.1.4_C1_00021.png,960,540,refrigerator,798,84,960,540,205
1.1.4_C1_00021.png,960,540,bread,3,266,40,294,205
1.1.4_C1_00021.png,960,540,bagel,39,259,74,290,205
1.1.4_C1_00021.png,960,540,tray,89,221,152,232,205
1.1.4_C1_00021.png,960,540,toaster oven,78,230,183,282,205
1.1.4_C1_00021.png,960,540,box,140,393,236,456,205
1.1.4_C1_00021.png,960,540,cutting board,534,216,589,259,205
1.1.4_C1_00021.png,960,540,paper towel,906,156,960,187,205
1.1.4_C1_00021.png,960,540,kettle,570,225,614,278,205
1.1.4_C1_00021.png,960,540,knife,402,290,456,304,205
1.1.4_C1_00021.png,960,540,bread,438,312,482,339,205
1.1.4_C1_00021.png,960,540,jam,383,352,414,392,205
1.1.4_C1_00021.png,960,540,apple,406,377,468,400,205
1.1.4_C1_00021.png,960,540,plate,388,383,501,418,205
1.1.4_C1_00022.png,960,540,spray bottle,52,320,112,452,215
1.1.4_C1_00022.png,960,540,cabinet,389,0,644,132,215
1.1.4_C1_00022.png,960,540,cabinet,0,4,188,128,215
1.1.4_C1_00022.png,960,540,refrigerator,798,84,960,540,215
1.1.4_C1_00022.png,960,540,sink,420,198,500,267,215
1.1.4_C1_00022.png,960,540,bread,3,266,40,294,215
1.1.4_C1_00022.png,960,540,bagel,39,259,74,290,215
1.1.4_C1_00022.png,960,540,tray,89,221,152,232,215
1.1.4_C1_00022.png,960,540,toaster oven,78,230,183,282,215
1.1.4_C1_00022.png,960,540,box,140,393,236,456,215
1.1.4_C1_00022.png,960,540,paper towel,906,156,960,187,215
1.1.4_C1_00022.png,960,540,plate,386,382,500,420,215
1.1.4_C1_00022.png,960,540,bread,390,394,438,414,215
1.1.4_C1_00022.png,960,540,apple,408,376,468,398,215
1.1.4_C1_00022.png,960,540,jam,626,296,661,336,215
1.1.4_C1_00022.png,960,540,knife,634,265,682,306,215
1.1.4_C1_00023.png,960,540,spray bottle,52,320,112,452,225
1.1.4_C1_00023.png,960,540,cabinet,389,0,644,132,225
1.1.4_C1_00023.png,960,540,cabinet,0,4,188,128,225
1.1.4_C1_00023.png,960,540,refrigerator,798,84,960,540,225
1.1.4_C1_00023.png,960,540,bread,3,266,40,294,225
1.1.4_C1_00023.png,960,540,bagel,39,259,74,290,225
1.1.4_C1_00023.png,960,540,tray,89,221,152,232,225
1.1.4_C1_00023.png,960,540,toaster oven,78,230,183,282,225
1.1.4_C1_00023.png,960,540,box,140,393,236,456,225
1.1.4_C1_00023.png,960,540,cutting board,534,216,589,259,225
1.1.4_C1_00023.png,960,540,paper towel,906,156,960,187,225
1.1.4_C1_00023.png,960,540,kettle,562,206,590,247,225
1.1.4_C1_00023.png,960,540,plate,388,385,494,420,225
1.1.4_C1_00023.png,960,540,apple,408,376,471,398,225
1.1.4_C1_00023.png,960,540,bread,382,392,432,410,225
1.1.4_C1_00023.png,960,540,knife,374,408,470,419,225
1.1.4_C1_00024.png,960,540,spray bottle,52,320,112,452,235
1.1.4_C1_00024.png,960,540,cabinet,389,0,644,132,235
1.1.4_C1_00024.png,960,540,cabinet,0,4,188,128,235
1.1.4_C1_00024.png,960,540,refrigerator,798,84,960,540,235
1.1.4_C1_00024.png,960,540,sink,420,198,503,267,235
1.1.4_C1_00024.png,960,540,bread,3,266,40,294,235
1.1.4_C1_00024.png,960,540,bagel,39,259,74,290,235
1.1.4_C1_00024.png,960,540,tray,89,221,152,232,235
1.1.4_C1_00024.png,960,540,toaster oven,78,230,183,282,235
1.1.4_C1_00024.png,960,540,box,140,393,236,456,235
1.1.4_C1_00024.png,960,540,cutting board,534,216,589,259,235
1.1.4_C1_00024.png,960,540,paper towel,906,156,960,187,235
1.1.4_C1_00024.png,960,540,kettle,436,219,462,252,235
1.1.4_C1_00024.png,960,540,plate,388,383,496,418,235
1.1.4_C1_00024.png,960,540,apple,412,376,468,398,235
1.1.4_C1_00024.png,960,540,bread,383,392,432,410,235
1.1.4_C1_00024.png,960,540,knife,372,408,471,418,235
1.1.4_C1_00025.png,960,540,spray bottle,52,320,112,452,245
1.1.4_C1_00025.png,960,540,cabinet,389,0,644,132,245
1.1.4_C1_00025.png,960,540,cabinet,0,4,188,128,245
1.1.4_C1_00025.png,960,540,refrigerator,798,84,960,540,245
1.1.4_C1_00025.png,960,540,bread,3,266,40,294,245
1.1.4_C1_00025.png,960,540,bagel,39,259,74,290,245
1.1.4_C1_00025.png,960,540,tray,89,221,152,232,245
1.1.4_C1_00025.png,960,540,toaster oven,78,230,183,282,245
1.1.4_C1_00025.png,960,540,box,140,393,236,456,245
1.1.4_C1_00025.png,960,540,cutting board,534,216,589,259,245
1.1.4_C1_00025.png,960,540,paper towel,906,156,960,187,245
1.1.4_C1_00025.png,960,540,kettle,570,225,614,278,245
1.1.4_C1_00025.png,960,540,plate,384,385,495,418,245
1.1.4_C1_00025.png,960,540,apple,408,377,471,398,245
1.1.4_C1_00025.png,960,540,knife,373,408,470,418,245
1.1.4_C1_00025.png,960,540,instant coffee,506,208,530,258,245
1.1.4_C1_00026.png,960,540,spray bottle,52,320,112,452,255
1.1.4_C1_00026.png,960,540,cabinet,389,0,644,132,255
1.1.4_C1_00026.png,960,540,cabinet,0,4,188,128,255
1.1.4_C1_00026.png,960,540,refrigerator,798,84,960,540,255
1.1.4_C1_00026.png,960,540,bread,3,266,40,294,255
1.1.4_C1_00026.png,960,540,bagel,39,259,74,290,255
1.1.4_C1_00026.png,960,540,tray,89,221,152,232,255
1.1.4_C1_00026.png,960,540,toaster oven,78,230,183,282,255
1.1.4_C1_00026.png,960,540,box,140,393,236,456,255
1.1.4_C1_00026.png,960,540,cutting board,534,216,589,259,255
1.1.4_C1_00026.png,960,540,paper towel,906,156,960,187,255
1.1.4_C1_00026.png,960,540,kettle,570,225,614,278,255
1.1.4_C1_00026.png,960,540,instant coffee,371,318,406,387,255
1.1.4_C1_00026.png,960,540,mug,405,353,458,403,255
1.1.4_C1_00026.png,960,540,apple,316,388,378,413,255
1.1.4_C1_00026.png,960,540,bread,273,399,322,422,255
1.1.4_C1_00026.png,960,540,knife,270,414,352,436,255
1.1.4_C1_00026.png,960,540,plate,278,396,392,433,255
1.1.4_C1_00027.png,960,540,spray bottle,52,320,112,452,265
1.1.4_C1_00027.png,960,540,cabinet,389,0,644,132,265
1.1.4_C1_00027.png,960,540,cabinet,0,4,188,128,265
1.1.4_C1_00027.png,960,540,refrigerator,798,84,960,540,265
1.1.4_C1_00027.png,960,540,bread,3,266,40,294,265
1.1.4_C1_00027.png,960,540,bagel,39,259,74,290,265
1.1.4_C1_00027.png,960,540,tray,89,221,152,232,265
1.1.4_C1_00027.png,960,540,toaster oven,78,230,183,282,265
1.1.4_C1_00027.png,960,540,box,140,393,236,456,265
1.1.4_C1_00027.png,960,540,cutting board,534,216,589,259,265
1.1.4_C1_00027.png,960,540,paper towel,906,156,960,187,265
1.1.4_C1_00027.png,960,540,kettle,570,225,614,278,265
1.1.4_C1_00027.png,960,540,instant coffee,460,339,498,406,265
1.1.4_C1_00027.png,960,540,mug,408,352,456,403,265
1.1.4_C1_00027.png,960,540,apple,318,390,378,412,265
1.1.4_C1_00027.png,960,540,bread,274,400,322,422,265
1.1.4_C1_00027.png,960,540,knife,266,416,353,434,265
1.1.4_C1_00027.png,960,540,plate,276,396,392,435,265
1.1.4_C1_00028.png,960,540,spray bottle,52,320,112,452,275
1.1.4_C1_00028.png,960,540,cabinet,389,0,644,132,275
1.1.4_C1_00028.png,960,540,cabinet,0,4,188,128,275
1.1.4_C1_00028.png,960,540,refrigerator,798,84,960,540,275
1.1.4_C1_00028.png,960,540,bread,3,266,40,294,275
1.1.4_C1_00028.png,960,540,bagel,39,259,74,290,275
1.1.4_C1_00028.png,960,540,tray,89,221,152,232,275
1.1.4_C1_00028.png,960,540,toaster oven,78,230,183,282,275
1.1.4_C1_00028.png,960,540,box,140,393,236,456,275
1.1.4_C1_00028.png,960,540,cutting board,534,216,589,259,275
1.1.4_C1_00028.png,960,540,paper towel,906,156,960,187,275
1.1.4_C1_00028.png,960,540,kettle,570,225,614,278,275
1.1.4_C1_00028.png,960,540,mug,406,352,458,402,275
1.1.4_C1_00028.png,960,540,instant coffee,460,336,496,405,275
1.1.4_C1_00028.png,960,540,spoon,398,322,441,352,275
1.1.4_C1_00028.png,960,540,apple,320,388,378,413,275
1.1.4_C1_00028.png,960,540,bread,274,400,322,420,275
1.1.4_C1_00028.png,960,540,knife,268,416,354,435,275
1.1.4_C1_00028.png,960,540,plate,280,396,390,429,275
1.1.4_C1_00029.png,960,540,spray bottle,52,320,112,452,285
1.1.4_C1_00029.png,960,540,cabinet,389,0,644,132,285
1.1.4_C1_00029.png,960,540,cabinet,0,4,188,128,285
1.1.4_C1_00029.png,960,540,refrigerator,798,84,960,540,285
1.1.4_C1_00029.png,960,540,bread,3,266,40,294,285
1.1.4_C1_00029.png,960,540,bagel,39,259,74,290,285
1.1.4_C1_00029.png,960,540,tray,89,221,152,232,285
1.1.4_C1_00029.png,960,540,toaster oven,78,230,183,282,285
1.1.4_C1_00029.png,960,540,box,140,393,236,456,285
1.1.4_C1_00029.png,960,540,cutting board,534,216,589,259,285
1.1.4_C1_00029.png,960,540,paper towel,906,156,960,187,285
1.1.4_C1_00029.png,960,540,kettle,570,225,614,278,285
1.1.4_C1_00029.png,960,540,mug,406,354,460,402,285
1.1.4_C1_00029.png,960,540,spoon,408,336,428,362,285
1.1.4_C1_00029.png,960,540,plate,274,396,390,436,285
1.1.4_C1_00029.png,960,540,knife,260,415,338,438,285
1.1.4_C1_00029.png,960,540,bread,273,398,318,425,285
1.1.4_C1_00029.png,960,540,apple,322,389,382,416,285
1.1.4_C1_00030.png,960,540,spray bottle,52,320,112,452,295
1.1.4_C1_00030.png,960,540,cabinet,389,0,644,132,295
1.1.4_C1_00030.png,960,540,cabinet,0,4,188,128,295
1.1.4_C1_00030.png,960,540,refrigerator,798,84,960,540,295
1.1.4_C1_00030.png,960,540,bread,3,266,40,294,295
1.1.4_C1_00030.png,960,540,bagel,39,259,74,290,295
1.1.4_C1_00030.png,960,540,tray,89,221,152,232,295
1.1.4_C1_00030.png,960,540,toaster oven,78,230,183,282,295
1.1.4_C1_00030.png,960,540,box,140,393,236,456,295
1.1.4_C1_00030.png,960,540,cutting board,534,216,589,259,295
1.1.4_C1_00030.png,960,540,paper towel,906,156,960,187,295
1.1.4_C1_00030.png,960,540,kettle,405,260,466,328,295
1.1.4_C1_00030.png,960,540,mug,408,352,460,402,295
1.1.4_C1_00030.png,960,540,spoon,413,336,430,362,295
1.1.4_C1_00030.png,960,540,apple,320,393,382,417,295
1.1.4_C1_00030.png,960,540,bread,273,399,318,425,295
1.1.4_C1_00030.png,960,540,knife,262,412,338,440,295
1.1.4_C1_00030.png,960,540,plate,274,398,390,434,295
1.1.4_C1_00031.png,960,540,spray bottle,52,320,112,452,305
1.1.4_C1_00031.png,960,540,cabinet,389,0,644,132,305
1.1.4_C1_00031.png,960,540,cabinet,0,4,188,128,305
1.1.4_C1_00031.png,960,540,refrigerator,798,84,960,540,305
1.1.4_C1_00031.png,960,540,bread,3,266,40,294,305
1.1.4_C1_00031.png,960,540,bagel,39,259,74,290,305
1.1.4_C1_00031.png,960,540,tray,89,221,152,232,305
1.1.4_C1_00031.png,960,540,toaster oven,78,230,183,282,305
1.1.4_C1_00031.png,960,540,box,140,393,236,456,305
1.1.4_C1_00031.png,960,540,cutting board,534,216,589,259,305
1.1.4_C1_00031.png,960,540,paper towel,906,156,960,187,305
1.1.4_C1_00031.png,960,540,kettle,360,257,430,350,305
1.1.4_C1_00031.png,960,540,knife,264,416,336,439,305
1.1.4_C1_00031.png,960,540,spoon,450,323,458,362,305
1.1.4_C1_00031.png,960,540,mug,406,350,458,402,305
1.1.4_C1_00031.png,960,540,apple,320,390,381,415,305
1.1.4_C1_00031.png,960,540,bread,274,400,318,422,305
1.1.4_C1_00031.png,960,540,plate,278,396,388,436,305
1.1.4_C1_00032.png,960,540,spray bottle,52,320,112,452,315
1.1.4_C1_00032.png,960,540,cabinet,389,0,644,132,315
1.1.4_C1_00032.png,960,540,cabinet,0,4,188,128,315
1.1.4_C1_00032.png,960,540,refrigerator,798,84,960,540,315
1.1.4_C1_00032.png,960,540,bread,3,266,40,294,315
1.1.4_C1_00032.png,960,540,bagel,39,259,74,290,315
1.1.4_C1_00032.png,960,540,tray,89,221,152,232,315
1.1.4_C1_00032.png,960,540,toaster oven,78,230,183,282,315
1.1.4_C1_00032.png,960,540,box,140,393,236,456,315
1.1.4_C1_00032.png,960,540,cutting board,534,216,589,259,315
1.1.4_C1_00032.png,960,540,paper towel,906,156,960,187,315
1.1.4_C1_00032.png,960,540,kettle,348,269,418,346,315
1.1.4_C1_00032.png,960,540,mug,405,352,458,402,315
1.1.4_C1_00032.png,960,540,spoon,446,319,506,342,315
1.1.4_C1_00032.png,960,540,apple,320,392,383,416,315
1.1.4_C1_00032.png,960,540,bread,275,400,318,424,315
1.1.4_C1_00032.png,960,540,knife,264,414,336,440,315
1.1.4_C1_00032.png,960,540,plate,275,397,390,436,315
1.1.4_C1_00033.png,960,540,spray bottle,52,320,112,452,325
1.1.4_C1_00033.png,960,540,cabinet,389,0,644,132,325
1.1.4_C1_00033.png,960,540,cabinet,0,4,188,128,325
1.1.4_C1_00033.png,960,540,refrigerator,798,84,960,540,325
1.1.4_C1_00033.png,960,540,bread,3,266,40,294,325
1.1.4_C1_00033.png,960,540,bagel,39,259,74,290,325
1.1.4_C1_00033.png,960,540,tray,89,221,152,232,325
1.1.4_C1_00033.png,960,540,toaster oven,78,230,183,282,325
1.1.4_C1_00033.png,960,540,box,140,393,236,456,325
1.1.4_C1_00033.png,960,540,cutting board,534,216,589,259,325
1.1.4_C1_00033.png,960,540,paper towel,906,156,960,187,325
1.1.4_C1_00033.png,960,540,kettle,570,225,614,278,325
1.1.4_C1_00033.png,960,540,apple,322,390,384,415,325
1.1.4_C1_00033.png,960,540,bread,273,400,318,424,325
1.1.4_C1_00033.png,960,540,mug,406,352,460,402,325
1.1.4_C1_00033.png,960,540,knife,263,414,336,439,325
1.1.4_C1_00033.png,960,540,plate,275,397,390,436,325
1.1.4_C1_00034.png,960,540,spray bottle,52,320,112,452,335
1.1.4_C1_00034.png,960,540,cabinet,389,0,644,132,335
1.1.4_C1_00034.png,960,540,cabinet,0,4,188,128,335
1.1.4_C1_00034.png,960,540,refrigerator,798,84,960,540,335
1.1.4_C1_00034.png,960,540,bread,3,266,40,294,335
1.1.4_C1_00034.png,960,540,bagel,39,259,74,290,335
1.1.4_C1_00034.png,960,540,tray,89,221,152,232,335
1.1.4_C1_00034.png,960,540,toaster oven,78,230,183,282,335
1.1.4_C1_00034.png,960,540,box,140,393,236,456,335
1.1.4_C1_00034.png,960,540,cutting board,534,216,589,259,335
1.1.4_C1_00034.png,960,540,paper towel,906,156,960,187,335
1.1.4_C1_00034.png,960,540,kettle,570,225,614,278,335
1.1.4_C1_00034.png,960,540,mug,236,360,276,412,335
1.1.4_C1_00034.png,960,540,bread,276,402,318,425,335
1.1.4_C1_00034.png,960,540,apple,322,390,381,416,335
1.1.4_C1_00034.png,960,540,knife,268,415,336,440,335
1.1.4_C1_00034.png,960,540,plate,278,396,388,436,335
1.1.4_C1_00034.png,960,540,glass,424,367,455,404,335
1.1.4_C1_00034.png,960,540,orange juice,481,283,530,378,335
1.1.4_C1_00035.png,960,540,spray bottle,52,320,112,452,345
1.1.4_C1_00035.png,960,540,cabinet,389,0,644,132,345
1.1.4_C1_00035.png,960,540,cabinet,0,4,188,128,345
1.1.4_C1_00035.png,960,540,refrigerator,798,84,960,540,345
1.1.4_C1_00035.png,960,540,sink,420,198,500,267,345
1.1.4_C1_00035.png,960,540,bread,3,266,40,294,345
1.1.4_C1_00035.png,960,540,bagel,39,259,74,290,345
1.1.4_C1_00035.png,960,540,tray,89,221,152,232,345
1.1.4_C1_00035.png,960,540,toaster oven,78,230,183,282,345
1.1.4_C1_00035.png,960,540,box,140,393,236,456,345
1.1.4_C1_00035.png,960,540,cutting board,534,216,589,259,345
1.1.4_C1_00035.png,960,540,paper towel,906,156,960,187,345
1.1.4_C1_00035.png,960,540,mug,235,360,276,414,345
1.1.4_C1_00035.png,960,540,apple,322,392,382,417,345
1.1.4_C1_00035.png,960,540,bread,275,402,318,424,345
1.1.4_C1_00035.png,960,540,knife,264,418,333,440,345
1.1.4_C1_00035.png,960,540,plate,275,395,390,436,345
1.1.4_C1_00035.png,960,540,glass,423,368,458,404,345
1.1.4_C1_00035.png,960,540,orange juice,674,275,716,359,345
1.1.4_C1_00036.png,960,540,spray bottle,52,320,112,452,355
1.1.4_C1_00036.png,960,540,cabinet,389,0,644,132,355
1.1.4_C1_00036.png,960,540,cabinet,0,4,188,128,355
1.1.4_C1_00036.png,960,540,refrigerator,798,84,960,540,355
1.1.4_C1_00036.png,960,540,sink,420,198,500,267,355
1.1.4_C1_00036.png,960,540,bread,3,266,40,294,355
1.1.4_C1_00036.png,960,540,bagel,39,259,74,290,355
1.1.4_C1_00036.png,960,540,tray,89,221,152,232,355
1.1.4_C1_00036.png,960,540,toaster oven,78,230,183,282,355
1.1.4_C1_00036.png,960,540,box,140,393,236,456,355
1.1.4_C1_00036.png,960,540,cutting board,534,216,589,259,355
1.1.4_C1_00036.png,960,540,paper towel,906,156,960,187,355
1.1.4_C1_00036.png,960,540,kettle,570,225,614,278,355
1.1.4_C1_00036.png,960,540,mug,234,359,276,412,355
1.1.4_C1_00036.png,960,540,glass,424,367,456,405,355
1.1.4_C1_00036.png,960,540,apple,320,392,382,416,355
1.1.4_C1_00036.png,960,540,bread,272,400,316,424,355
1.1.4_C1_00036.png,960,540,knife,258,413,338,440,355
1.1.4_C1_00036.png,960,540,plate,274,394,390,436,355
1.1.4_C1_00036.png,960,540,carton,748,437,798,516,355
1.1.4_C1_00037.png,960,540,spray bottle,52,320,112,452,365
1.1.4_C1_00037.png,960,540,cabinet,389,0,644,132,365
1.1.4_C1_00037.png,960,540,cabinet,0,4,188,128,365
1.1.4_C1_00037.png,960,540,refrigerator,798,84,960,540,365
1.1.4_C1_00037.png,960,540,sink,420,198,500,267,365
1.1.4_C1_00037.png,960,540,bread,3,266,40,294,365
1.1.4_C1_00037.png,960,540,bagel,39,259,74,290,365
1.1.4_C1_00037.png,960,540,tray,89,221,152,232,365
1.1.4_C1_00037.png,960,540,toaster oven,78,230,183,282,365
1.1.4_C1_00037.png,960,540,box,140,393,236,456,365
1.1.4_C1_00037.png,960,540,cutting board,534,216,589,259,365
1.1.4_C1_00037.png,960,540,paper towel,906,156,960,187,365
1.1.4_C1_00037.png,960,540,kettle,570,225,614,278,365
1.1.4_C1_00037.png,960,540,carton,444,304,496,409,365
1.1.4_C1_00037.png,960,540,glass,280,365,313,402,365
1.1.4_C1_00037.png,960,540,mug,233,360,275,410,365
1.1.4_C1_00037.png,960,540,apple,321,390,382,416,365
1.1.4_C1_00037.png,960,540,bread,278,400,315,424,365
1.1.4_C1_00037.png,960,540,knife,266,415,334,440,365
1.1.4_C1_00037.png,960,540,plate,277,396,394,436,365
1.1.4_C1_00038.png,960,540,spray bottle,52,320,112,452,375
1.1.4_C1_00038.png,960,540,cabinet,389,0,644,132,375
1.1.4_C1_00038.png,960,540,cabinet,0,4,188,128,375
1.1.4_C1_00038.png,960,540,refrigerator,798,84,960,540,375
1.1.4_C1_00038.png,960,540,bread,3,266,40,294,375
1.1.4_C1_00038.png,960,540,bagel,39,259,74,290,375
1.1.4_C1_00038.png,960,540,tray,89,221,152,232,375
1.1.4_C1_00038.png,960,540,toaster oven,78,230,183,282,375
1.1.4_C1_00038.png,960,540,box,140,393,236,456,375
1.1.4_C1_00038.png,960,540,cutting board,534,216,589,259,375
1.1.4_C1_00038.png,960,540,paper towel,906,156,960,187,375
1.1.4_C1_00038.png,960,540,kettle,570,225,614,278,375
1.1.4_C1_00038.png,960,540,mug,234,362,276,412,375
1.1.4_C1_00038.png,960,540,glass,280,366,312,402,375
1.1.4_C1_00038.png,960,540,carton,328,282,378,380,375
1.1.4_C1_00038.png,960,540,cereal,302,223,340,337,375
1.1.4_C1_00038.png,960,540,bowl,398,364,446,396,375
1.1.4_C1_00038.png,960,540,apple,320,390,381,416,375
1.1.4_C1_00038.png,960,540,bread,276,402,318,425,375
1.1.4_C1_00038.png,960,540,knife,266,414,338,440,375
1.1.4_C1_00038.png,960,540,plate,275,397,391,436,375
1.1.4_C1_00039.png,960,540,spray bottle,52,320,112,452,385
1.1.4_C1_00039.png,960,540,cabinet,389,0,644,132,385
1.1.4_C1_00039.png,960,540,cabinet,0,4,188,128,385
1.1.4_C1_00039.png,960,540,refrigerator,798,84,960,540,385
1.1.4_C1_00039.png,960,540,bread,3,266,40,294,385
1.1.4_C1_00039.png,960,540,bagel,39,259,74,290,385
1.1.4_C1_00039.png,960,540,tray,89,221,152,232,385
1.1.4_C1_00039.png,960,540,toaster oven,78,230,183,282,385
1.1.4_C1_00039.png,960,540,box,140,393,236,456,385
1.1.4_C1_00039.png,960,540,cutting board,534,216,589,259,385
1.1.4_C1_00039.png,960,540,paper towel,906,156,960,187,385
1.1.4_C1_00039.png,960,540,kettle,570,225,614,278,385
1.1.4_C1_00039.png,960,540,cereal,304,250,418,356,385
1.1.4_C1_00039.png,960,540,carton,314,292,362,392,385
1.1.4_C1_00039.png,960,540,bowl,398,363,448,393,385
1.1.4_C1_00039.png,960,540,glass,278,365,312,402,385
1.1.4_C1_00039.png,960,540,mug,238,362,276,412,385
1.1.4_C1_00039.png,960,540,apple,322,390,378,412,385
1.1.4_C1_00039.png,960,540,bread,276,398,314,422,385
1.1.4_C1_00039.png,960,540,knife,261,414,338,439,385
1.1.4_C1_00039.png,960,540,plate,278,396,393,435,385
1.1.4_C1_00040.png,960,540,spray bottle,52,320,112,452,395
1.1.4_C1_00040.png,960,540,cabinet,389,0,644,132,395
1.1.4_C1_00040.png,960,540,cabinet,0,4,188,128,395
1.1.4_C1_00040.png,960,540,refrigerator,798,84,960,540,395
1.1.4_C1_00040.png,960,540,bread,3,266,40,294,395
1.1.4_C1_00040.png,960,540,bagel,39,259,74,290,395
1.1.4_C1_00040.png,960,540,tray,89,221,152,232,395
1.1.4_C1_00040.png,960,540,toaster oven,78,230,183,282,395
1.1.4_C1_00040.png,960,540,box,140,393,236,456,395
1.1.4_C1_00040.png,960,540,cutting board,534,216,589,259,395
1.1.4_C1_00040.png,960,540,paper towel,906,156,960,187,395
1.1.4_C1_00040.png,960,540,kettle,570,225,614,278,395
1.1.4_C1_00040.png,960,540,cereal,286,260,321,380,395
1.1.4_C1_00040.png,960,540,carton,444,337,531,394,395
1.1.4_C1_00040.png,960,540,bowl,398,359,448,395,395
1.1.4_C1_00040.png,960,540,apple,320,390,382,415,395
1.1.4_C1_00040.png,960,540,bread,275,403,320,423,395
1.1.4_C1_00040.png,960,540,glass,280,367,312,399,395
1.1.4_C1_00040.png,960,540,mug,234,360,278,412,395
1.1.4_C1_00040.png,960,540,knife,262,414,338,439,395
1.1.4_C1_00040.png,960,540,plate,276,395,392,436,395
1.1.4_C1_00041.png,960,540,spray bottle,52,320,112,452,405
1.1.4_C1_00041.png,960,540,cabinet,389,0,644,132,405
1.1.4_C1_00041.png,960,540,cabinet,0,4,188,128,405
1.1.4_C1_00041.png,960,540,refrigerator,798,84,960,540,405
1.1.4_C1_00041.png,960,540,sink,420,198,500,267,405
1.1.4_C1_00041.png,960,540,bread,3,266,40,294,405
1.1.4_C1_00041.png,960,540,bagel,39,259,74,290,405
1.1.4_C1_00041.png,960,540,tray,89,221,152,232,405
1.1.4_C1_00041.png,960,540,toaster oven,78,230,183,282,405
1.1.4_C1_00041.png,960,540,box,140,393,236,456,405
1.1.4_C1_00041.png,960,540,cutting board,534,216,589,259,405
1.1.4_C1_00041.png,960,540,paper towel,906,156,960,187,405
1.1.4_C1_00041.png,960,540,bowl,400,363,448,394,405
1.1.4_C1_00041.png,960,540,cereal,292,264,318,382,405
1.1.4_C1_00041.png,960,540,glass,280,366,314,400,405
1.1.4_C1_00041.png,960,540,mug,236,362,276,410,405
1.1.4_C1_00041.png,960,540,apple,322,392,380,416,405
1.1.4_C1_00041.png,960,540,bread,274,399,318,423,405
1.1.4_C1_00041.png,960,540,knife,265,416,336,438,405
1.1.4_C1_00041.png,960,540,plate,273,397,390,437,405
1.1.4_C1_00042.png,960,540,spray bottle,52,320,112,452,415
1.1.4_C1_00042.png,960,540,cabinet,389,0,644,132,415
1.1.4_C1_00042.png,960,540,cabinet,0,4,188,128,415
1.1.4_C1_00042.png,960,540,refrigerator,798,84,960,540,415
1.1.4_C1_00042.png,960,540,sink,420,198,500,267,415
1.1.4_C1_00042.png,960,540,bread,3,266,40,294,415
1.1.4_C1_00042.png,960,540,bagel,39,259,74,290,415
1.1.4_C1_00042.png,960,540,tray,89,221,152,232,415
1.1.4_C1_00042.png,960,540,toaster oven,78,230,183,282,415
1.1.4_C1_00042.png,960,540,box,140,393,236,456,415
1.1.4_C1_00042.png,960,540,cutting board,534,216,589,259,415
1.1.4_C1_00042.png,960,540,paper towel,906,156,960,187,415
1.1.4_C1_00042.png,960,540,kettle,570,225,614,278,415
1.1.4_C1_00042.png,960,540,bowl,402,363,448,397,415
1.1.4_C1_00042.png,960,540,apple,323,394,378,414,415
1.1.4_C1_00042.png,960,540,bread,276,402,318,424,415
1.1.4_C1_00042.png,960,540,knife,265,413,335,440,415
1.1.4_C1_00042.png,960,540,plate,278,398,390,435,415
1.1.4_C1_00042.png,960,540,glass,278,365,313,399,415
1.1.4_C1_00042.png,960,540,mug,234,360,276,412,415
1.1.4_C1_00043.png,960,540,spray bottle,52,320,112,452,425
1.1.4_C1_00043.png,960,540,cabinet,389,0,644,132,425
1.1.4_C1_00043.png,960,540,cabinet,0,4,188,128,425
1.1.4_C1_00043.png,960,540,refrigerator,798,84,960,540,425
1.1.4_C1_00043.png,960,540,sink,420,198,500,267,425
1.1.4_C1_00043.png,960,540,bread,3,266,40,294,425
1.1.4_C1_00043.png,960,540,bagel,39,259,74,290,425
1.1.4_C1_00043.png,960,540,tray,89,221,152,232,425
1.1.4_C1_00043.png,960,540,toaster oven,78,230,183,282,425
1.1.4_C1_00043.png,960,540,box,140,393,236,456,425
1.1.4_C1_00043.png,960,540,cutting board,534,216,589,259,425
1.1.4_C1_00043.png,960,540,paper towel,906,156,960,187,425
1.1.4_C1_00043.png,960,540,kettle,570,225,614,278,425
1.1.4_C1_00043.png,960,540,mug,234,360,275,412,425
1.1.4_C1_00043.png,960,540,glass,280,366,311,404,425
1.1.4_C1_00043.png,960,540,apple,318,392,378,418,425
1.1.4_C1_00043.png,960,540,bread,278,400,316,423,425
1.1.4_C1_00043.png,960,540,knife,262,412,336,440,425
1.1.4_C1_00043.png,960,540,spoon,310,408,343,432,425
1.1.4_C1_00043.png,960,540,bowl,332,412,393,456,425
1.1.4_C1_00043.png,960,540,plate,276,396,388,436,425
1.1.4_C1_00044.png,960,540,spray bottle,52,320,112,452,435
1.1.4_C1_00044.png,960,540,cabinet,389,0,644,132,435
1.1.4_C1_00044.png,960,540,cabinet,0,4,188,128,435
1.1.4_C1_00044.png,960,540,refrigerator,798,84,960,540,435
1.1.4_C1_00044.png,960,540,sink,420,198,500,267,435
1.1.4_C1_00044.png,960,540,bread,3,266,40,294,435
1.1.4_C1_00044.png,960,540,bagel,186,238,215,286,435
1.1.4_C1_00044.png,960,540,tray,89,221,152,232,435
1.1.4_C1_00044.png,960,540,toaster oven,78,230,183,282,435
1.1.4_C1_00044.png,960,540,box,140,393,236,456,435
1.1.4_C1_00044.png,960,540,cutting board,534,216,589,259,435
1.1.4_C1_00044.png,960,540,paper towel,906,156,960,187,435
1.1.4_C1_00044.png,960,540,kettle,570,225,614,278,435
1.1.4_C1_00044.png,960,540,mug,234,363,274,410,435
1.1.4_C1_00044.png,960,540,glass,280,366,313,404,435
1.1.4_C1_00044.png,960,540,apple,321,392,380,415,435
1.1.4_C1_00044.png,960,540,bowl,330,416,391,454,435
1.1.4_C1_00044.png,960,540,spoon,306,410,342,429,435
1.1.4_C1_00044.png,960,540,knife,265,418,341,439,435
1.1.4_C1_00044.png,960,540,bread,278,399,318,423,435
1.1.4_C1_00044.png,960,540,plate,272,394,391,436,435
1.1.4_C1_00045.png,960,540,spray bottle,52,320,112,452,445
1.1.4_C1_00045.png,960,540,cabinet,389,0,644,132,445
1.1.4_C1_00045.png,960,540,cabinet,0,4,188,128,445
1.1.4_C1_00045.png,960,540,refrigerator,798,84,960,540,445
1.1.4_C1_00045.png,960,540,sink,420,198,500,267,445
1.1.4_C1_00045.png,960,540,bread,3,266,40,294,445
1.1.4_C1_00045.png,960,540,bagel,61,257,96,296,445
1.1.4_C1_00045.png,960,540,tray,89,221,152,232,445
1.1.4_C1_00045.png,960,540,toaster oven,78,230,183,282,445
1.1.4_C1_00045.png,960,540,box,140,393,236,456,445
1.1.4_C1_00045.png,960,540,cutting board,534,216,589,259,445
1.1.4_C1_00045.png,960,540,paper towel,906,156,960,187,445
1.1.4_C1_00045.png,960,540,kettle,570,225,614,278,445
1.1.4_C1_00045.png,960,540,bagel,97,248,152,258,445
1.1.4_C1_00045.png,960,540,mug,236,360,278,412,445
1.1.4_C1_00045.png,960,540,glass,278,366,313,402,445
1.1.4_C1_00045.png,960,540,apple,319,390,382,415,445
1.1.4_C1_00045.png,960,540,bread,274,400,318,424,445
1.1.4_C1_00045.png,960,540,bowl,330,411,395,456,445
1.1.4_C1_00045.png,960,540,spoon,304,408,352,436,445
1.1.4_C1_00045.png,960,540,knife,265,414,332,440,445
1.1.4_C1_00045.png,960,540,plate,272,396,391,441,445
1.1.4_C1_00046.png,960,540,spray bottle,52,320,112,452,455
1.1.4_C1_00046.png,960,540,cabinet,389,0,644,132,455
1.1.4_C1_00046.png,960,540,cabinet,0,4,188,128,455
1.1.4_C1_00046.png,960,540,refrigerator,798,84,960,540,455
1.1.4_C1_00046.png,960,540,sink,420,198,500,267,455
1.1.4_C1_00046.png,960,540,bread,3,266,40,294,455
1.1.4_C1_00046.png,960,540,bagel,39,259,74,290,455
1.1.4_C1_00046.png,960,540,tray,89,221,152,232,455
1.1.4_C1_00046.png,960,540,toaster oven,78,230,183,282,455
1.1.4_C1_00046.png,960,540,box,140,393,236,456,455
1.1.4_C1_00046.png,960,540,cutting board,534,216,589,259,455
1.1.4_C1_00046.png,960,540,paper towel,906,156,960,187,455
1.1.4_C1_00046.png,960,540,kettle,570,225,614,278,455
1.1.4_C1_00046.png,960,540,bagel,98,248,154,260,455
1.1.4_C1_00046.png,960,540,mug,236,360,278,412,455
1.1.4_C1_00046.png,960,540,glass,280,365,312,402,455
1.1.4_C1_00046.png,960,540,apple,318,393,382,415,455
1.1.4_C1_00046.png,960,540,bread,275,402,318,422,455
1.1.4_C1_00046.png,960,540,bowl,330,414,394,456,455
1.1.4_C1_00046.png,960,540,spoon,302,406,356,434,455
1.1.4_C1_00046.png,960,540,knife,271,418,339,440,455
1.1.4_C1_00046.png,960,540,plate,271,396,390,436,455
1.1.4_C1_00047.png,960,540,spray bottle,52,320,112,452,465
1.1.4_C1_00047.png,960,540,cabinet,389,0,644,132,465
1.1.4_C1_00047.png,960,540,cabinet,0,4,188,128,465
1.1.4_C1_00047.png,960,540,refrigerator,798,84,960,540,465
1.1.4_C1_00047.png,960,540,sink,420,198,500,267,465
1.1.4_C1_00047.png,960,540,bread,3,266,40,294,465
1.1.4_C1_00047.png,960,540,bagel,39,259,74,290,465
1.1.4_C1_00047.png,960,540,tray,89,221,152,232,465
1.1.4_C1_00047.png,960,540,toaster oven,78,230,183,282,465
1.1.4_C1_00047.png,960,540,box,140,393,236,456,465
1.1.4_C1_00047.png,960,540,cutting board,534,216,589,259,465
1.1.4_C1_00047.png,960,540,paper towel,906,156,960,187,465
1.1.4_C1_00047.png,960,540,kettle,570,225,614,278,465
1.1.4_C1_00047.png,960,540,bagel,98,248,150,259,465
1.1.4_C1_00047.png,960,540,mug,236,360,276,412,465
1.1.4_C1_00047.png,960,540,glass,280,366,313,404,465
1.1.4_C1_00047.png,960,540,apple,319,394,380,414,465
1.1.4_C1_00047.png,960,540,bread,274,400,318,424,465
1.1.4_C1_00047.png,960,540,bowl,330,412,394,456,465
1.1.4_C1_00047.png,960,540,spoon,307,411,352,437,465
1.1.4_C1_00047.png,960,540,knife,269,416,343,440,465
1.1.4_C1_00047.png,960,540,plate,273,396,390,437,465
1.1.4_C1_00047.png,960,540,cream cheese,391,358,434,395,465
1.1.4_C1_00047.png,960,540,knife,260,300,295,310,465
1.1.4_C1_00048.png,960,540,spray bottle,52,320,112,452,475
1.1.4_C1_00048.png,960,540,cabinet,389,0,644,132,475
1.1.4_C1_00048.png,960,540,cabinet,0,4,188,128,475
1.1.4_C1_00048.png,960,540,refrigerator,798,84,960,540,475
1.1.4_C1_00048.png,960,540,bread,3,266,40,294,475
1.1.4_C1_00048.png,960,540,bagel,39,259,74,290,475
1.1.4_C1_00048.png,960,540,tray,89,221,152,232,475
1.1.4_C1_00048.png,960,540,toaster oven,78,230,183,282,475
1.1.4_C1_00048.png,960,540,box,140,393,236,456,475
1.1.4_C1_00048.png,960,540,cutting board,534,216,589,259,475
1.1.4_C1_00048.png,960,540,paper towel,906,156,960,187,475
1.1.4_C1_00048.png,960,540,kettle,570,225,614,278,475
1.1.4_C1_00048.png,960,540,bagel,100,250,152,259,475
1.1.4_C1_00048.png,960,540,knife,404,333,428,366,475
1.1.4_C1_00048.png,960,540,knife,264,416,337,440,475
1.1.4_C1_00048.png,960,540,cream cheese,409,360,454,394,475
1.1.4_C1_00048.png,960,540,cream cheese,332,356,380,396,475
1.1.4_C1_00048.png,960,540,mug,236,360,276,412,475
1.1.4_C1_00048.png,960,540,glass,280,367,312,406,475
1.1.4_C1_00048.png,960,540,apple,320,392,382,417,475
1.1.4_C1_00048.png,960,540,bread,278,402,317,424,475
1.1.4_C1_00048.png,960,540,bowl,332,412,394,456,475
1.1.4_C1_00048.png,960,540,spoon,304,408,352,435,475
1.1.4_C1_00048.png,960,540,plate,272,396,390,437,475
1.1.4_C1_00049.png,960,540,spray bottle,52,320,112,452,485
1.1.4_C1_00049.png,960,540,cabinet,389,0,644,132,485
1.1.4_C1_00049.png,960,540,cabinet,0,4,188,128,485
1.1.4_C1_00049.png,960,540,refrigerator,798,84,960,540,485
1.1.4_C1_00049.png,960,540,bread,3,266,40,294,485
1.1.4_C1_00049.png,960,540,bagel,39,259,74,290,485
1.1.4_C1_00049.png,960,540,tray,89,221,152,232,485
1.1.4_C1_00049.png,960,540,toaster oven,78,230,183,282,485
1.1.4_C1_00049.png,960,540,box,140,393,236,456,485
1.1.4_C1_00049.png,960,540,cutting board,534,216,589,259,485
1.1.4_C1_00049.png,960,540,paper towel,906,156,960,187,485
1.1.4_C1_00049.png,960,540,kettle,570,225,614,278,485
1.1.4_C1_00049.png,960,540,bagel,102,248,150,259,485
1.1.4_C1_00049.png,960,540,mug,236,360,278,412,485
1.1.4_C1_00049.png,960,540,glass,280,368,312,404,485
1.1.4_C1_00049.png,960,540,cream cheese,407,361,454,395,485
1.1.4_C1_00049.png,960,540,knife,430,325,436,368,485
1.1.4_C1_00049.png,960,540,cream cheese,333,356,382,395,485
1.1.4_C1_00049.png,960,540,apple,322,391,382,418,485
1.1.4_C1_00049.png,960,540,bread,276,404,318,424,485
1.1.4_C1_00049.png,960,540,knife,259,416,336,440,485
1.1.4_C1_00049.png,960,540,bowl,332,411,393,456,485
1.1.4_C1_00049.png,960,540,spoon,307,411,354,438,485
1.1.4_C1_00049.png,960,540,plate,274,396,392,436,485
1.1.4_C1_00050.png,960,540,spray bottle,52,320,112,452,495
1.1.4_C1_00050.png,960,540,cabinet,389,0,644,132,495
1.1.4_C1_00050.png,960,540,cabinet,0,4,188,128,495
1.1.4_C1_00050.png,960,540,refrigerator,798,84,960,540,495
1.1.4_C1_00050.png,960,540,bread,3,266,40,294,495
1.1.4_C1_00050.png,960,540,bagel,39,259,74,290,495
1.1.4_C1_00050.png,960,540,tray,89,221,152,232,495
1.1.4_C1_00050.png,960,540,toaster oven,78,230,183,282,495
1.1.4_C1_00050.png,960,540,box,140,393,236,456,495
1.1.4_C1_00050.png,960,540,cutting board,534,216,589,259,495
1.1.4_C1_00050.png,960,540,paper towel,906,156,960,187,495
1.1.4_C1_00050.png,960,540,kettle,570,225,614,278,495
1.1.4_C1_00050.png,960,540,cream cheese,407,361,452,396,495
1.1.4_C1_00050.png,960,540,knife,430,330,436,375,495
1.1.4_C1_00050.png,960,540,mug,236,362,276,413,495
1.1.4_C1_00050.png,960,540,glass,280,366,312,404,495
1.1.4_C1_00050.png,960,540,cream cheese,334,356,380,398,495
1.1.4_C1_00050.png,960,540,apple,321,393,380,416,495
1.1.4_C1_00050.png,960,540,bread,276,402,316,424,495
1.1.4_C1_00050.png,960,540,knife,266,416,337,440,495
1.1.4_C1_00050.png,960,540,spoon,306,410,354,436,495
1.1.4_C1_00050.png,960,540,bowl,330,414,394,457,495
1.1.4_C1_00050.png,960,540,plate,272,398,389,437,495
1.1.4_C1_00050.png,960,540,bagel,100,249,152,260,495
1.1.4_C1_00051.png,960,540,spray bottle,52,320,112,452,505
1.1.4_C1_00051.png,960,540,cabinet,389,0,644,132,505
1.1.4_C1_00051.png,960,540,cabinet,0,4,188,128,505
1.1.4_C1_00051.png,960,540,refrigerator,798,84,960,540,505
1.1.4_C1_00051.png,960,540,bread,3,266,40,294,505
1.1.4_C1_00051.png,960,540,bagel,39,259,74,290,505
1.1.4_C1_00051.png,960,540,tray,89,221,152,232,505
1.1.4_C1_00051.png,960,540,toaster oven,78,230,183,282,505
1.1.4_C1_00051.png,960,540,box,140,393,236,456,505
1.1.4_C1_00051.png,960,540,cutting board,534,216,589,259,505
1.1.4_C1_00051.png,960,540,paper towel,906,156,960,187,505
1.1.4_C1_00051.png,960,540,kettle,570,225,614,278,505
1.1.4_C1_00051.png,960,540,bagel,99,248,148,259,505
1.1.4_C1_00051.png,960,540,mug,234,361,276,411,505
1.1.4_C1_00051.png,960,540,glass,280,366,313,404,505
1.1.4_C1_00051.png,960,540,cream cheese,408,359,460,397,505
1.1.4_C1_00051.png,960,540,cream cheese,332,357,380,396,505
1.1.4_C1_00051.png,960,540,knife,380,380,414,387,505
1.1.4_C1_00051.png,960,540,knife,267,417,336,440,505
1.1.4_C1_00051.png,960,540,apple,320,391,380,415,505
1.1.4_C1_00051.png,960,540,bread,278,400,320,424,505
1.1.4_C1_00051.png,960,540,spoon,308,411,352,434,505
1.1.4_C1_00051.png,960,540,bowl,330,413,395,456,505
1.1.4_C1_00051.png,960,540,plate,272,397,390,436,505
1.1.4_C1_00052.png,960,540,spray bottle,52,320,112,452,515
1.1.4_C1_00052.png,960,540,cabinet,389,0,644,132,515
1.1.4_C1_00052.png,960,540,cabinet,0,4,188,128,515
1.1.4_C1_00052.png,960,540,refrigerator,798,84,960,540,515
1.1.4_C1_00052.png,960,540,sink,420,198,500,267,515
1.1.4_C1_00052.png,960,540,bread,3,266,40,294,515
1.1.4_C1_00052.png,960,540,bagel,39,259,74,290,515
1.1.4_C1_00052.png,960,540,tray,89,221,152,232,515
1.1.4_C1_00052.png,960,540,toaster oven,78,230,183,282,515
1.1.4_C1_00052.png,960,540,box,140,393,236,456,515
1.1.4_C1_00052.png,960,540,cutting board,534,216,589,259,515
1.1.4_C1_00052.png,960,540,paper towel,906,156,960,187,515
1.1.4_C1_00052.png,960,540,kettle,570,225,614,278,515
1.1.4_C1_00052.png,960,540,bagel,98,249,152,259,515
1.1.4_C1_00052.png,960,540,bread,241,266,269,280,515
1.1.4_C1_00052.png,960,540,apple,271,260,309,280,515
1.1.4_C1_00052.png,960,540,plate,240,270,309,286,515
1.1.4_C1_00052.png,960,540,cream cheese,332,358,378,398,515
1.1.4_C1_00052.png,960,540,cream cheese,411,364,462,397,515
1.1.4_C1_00052.png,960,540,knife,375,380,414,386,515
1.1.4_C1_00052.png,960,540,mug,234,360,276,412,515
1.1.4_C1_00052.png,960,540,glass,278,367,312,404,515
1.1.4_C1_00052.png,960,540,bowl,330,412,394,456,515
1.1.4_C1_00052.png,960,540,spoon,306,412,349,434,515
1.1.4_C1_00053.png,960,540,spray bottle,52,320,112,452,525
1.1.4_C1_00053.png,960,540,cabinet,389,0,644,132,525
1.1.4_C1_00053.png,960,540,cabinet,0,4,188,128,525
1.1.4_C1_00053.png,960,540,refrigerator,798,84,960,540,525
1.1.4_C1_00053.png,960,540,sink,420,198,500,267,525
1.1.4_C1_00053.png,960,540,bread,3,266,40,294,525
1.1.4_C1_00053.png,960,540,bagel,39,259,74,290,525
1.1.4_C1_00053.png,960,540,tray,89,221,152,232,525
1.1.4_C1_00053.png,960,540,toaster oven,78,230,183,282,525
1.1.4_C1_00053.png,960,540,box,140,393,236,456,525
1.1.4_C1_00053.png,960,540,cutting board,534,216,589,259,525
1.1.4_C1_00053.png,960,540,paper towel,906,156,960,187,525
1.1.4_C1_00053.png,960,540,kettle,570,225,614,278,525
1.1.4_C1_00053.png,960,540,mug,235,363,276,412,525
1.1.4_C1_00053.png,960,540,glass,280,366,314,404,525
1.1.4_C1_00053.png,960,540,cream cheese,330,358,378,398,525
1.1.4_C1_00053.png,960,540,cream cheese,408,362,460,396,525
1.1.4_C1_00053.png,960,540,knife,373,380,410,390,525
1.1.4_C1_00053.png,960,540,bowl,330,413,394,456,525
1.1.4_C1_00053.png,960,540,spoon,304,410,354,436,525
1.1.4_C1_00053.png,960,540,bread,188,274,213,285,525
1.1.4_C1_00053.png,960,540,bagel,212,272,240,285,525
1.1.4_C1_00053.png,960,540,apple,224,268,252,281,525
1.1.4_C1_00053.png,960,540,plate,180,275,252,290,525
1.1.4_C1_00054.png,960,540,spray bottle,52,320,112,452,535
1.1.4_C1_00054.png,960,540,cabinet,389,0,644,132,535
1.1.4_C1_00054.png,960,540,cabinet,0,4,188,128,535
1.1.4_C1_00054.png,960,540,refrigerator,798,84,960,540,535
1.1.4_C1_00054.png,960,540,bread,3,266,40,294,535
1.1.4_C1_00054.png,960,540,bagel,39,259,74,290,535
1.1.4_C1_00054.png,960,540,tray,89,221,152,232,535
1.1.4_C1_00054.png,960,540,toaster oven,78,230,183,282,535
1.1.4_C1_00054.png,960,540,box,140,393,236,456,535
1.1.4_C1_00054.png,960,540,cutting board,534,216,589,259,535
1.1.4_C1_00054.png,960,540,paper towel,906,156,960,187,535
1.1.4_C1_00054.png,960,540,kettle,570,225,614,278,535
1.1.4_C1_00054.png,960,540,mug,236,360,276,412,535
1.1.4_C1_00054.png,960,540,glass,280,366,312,406,535
1.1.4_C1_00054.png,960,540,cream cheese,323,358,360,406,535
1.1.4_C1_00054.png,960,540,cream cheese,350,358,394,398,535
1.1.4_C1_00054.png,960,540,bread,396,395,444,415,535
1.1.4_C1_00054.png,960,540,apple,415,378,446,400,535
1.1.4_C1_00054.png,960,540,bagel,448,384,498,411,535
1.1.4_C1_00054.png,960,540,plate,394,383,504,420,535
1.1.4_C1_00055.png,960,540,spray bottle,52,320,112,452,545
1.1.4_C1_00055.png,960,540,cabinet,389,0,644,132,545
1.1.4_C1_00055.png,960,540,cabinet,0,4,188,128,545
1.1.4_C1_00055.png,960,540,refrigerator,798,84,960,540,545
1.1.4_C1_00055.png,960,540,sink,420,198,500,267,545
1.1.4_C1_00055.png,960,540,bread,3,266,40,294,545
1.1.4_C1_00055.png,960,540,bagel,39,259,74,290,545
1.1.4_C1_00055.png,960,540,tray,89,221,152,232,545
1.1.4_C1_00055.png,960,540,toaster oven,78,230,183,282,545
1.1.4_C1_00055.png,960,540,box,140,393,236,456,545
1.1.4_C1_00055.png,960,540,cutting board,534,216,589,259,545
1.1.4_C1_00055.png,960,540,paper towel,906,156,960,187,545
1.1.4_C1_00055.png,960,540,kettle,570,225,614,278,545
1.1.4_C1_00055.png,960,540,mug,236,360,276,412,545
1.1.4_C1_00055.png,960,540,glass,280,367,313,404,545
1.1.4_C1_00055.png,960,540,cream cheese,323,363,359,407,545
1.1.4_C1_00055.png,960,540,cream cheese,354,354,392,396,545
1.1.4_C1_00055.png,960,540,bread,396,395,444,413,545
1.1.4_C1_00055.png,960,540,apple,412,378,470,396,545
1.1.4_C1_00055.png,960,540,bagel,452,392,494,411,545
1.1.4_C1_00055.png,960,540,bagel,454,333,496,347,545
1.1.4_C1_00055.png,960,540,knife,396,326,473,336,545
1.1.4_C1_00055.png,960,540,plate,393,386,502,419,545
1.1.4_C1_00055.png,960,540,bowl,332,412,393,457,545
1.1.4_C1_00055.png,960,540,spoon,302,410,350,436,545
1.1.4_C1_00056.png,960,540,spray bottle,52,320,112,452,555
1.1.4_C1_00056.png,960,540,cabinet,389,0,644,132,555
1.1.4_C1_00056.png,960,540,cabinet,0,4,188,128,555
1.1.4_C1_00056.png,960,540,refrigerator,798,84,960,540,555
1.1.4_C1_00056.png,960,540,bread,3,266,40,294,555
1.1.4_C1_00056.png,960,540,bagel,39,259,74,290,555
1.1.4_C1_00056.png,960,540,tray,89,221,152,232,555
1.1.4_C1_00056.png,960,540,toaster oven,78,230,183,282,555
1.1.4_C1_00056.png,960,540,box,140,393,236,456,555
1.1.4_C1_00056.png,960,540,cutting board,534,216,589,259,555
1.1.4_C1_00056.png,960,540,paper towel,906,156,960,187,555
1.1.4_C1_00056.png,960,540,kettle,570,225,614,278,555
1.1.4_C1_00056.png,960,540,spoon,307,410,349,434,555
1.1.4_C1_00056.png,960,540,bowl,332,412,395,456,555
1.1.4_C1_00056.png,960,540,mug,236,361,276,412,555
1.1.4_C1_00056.png,960,540,glass,278,368,312,404,555
1.1.4_C1_00056.png,960,540,bagel,457,313,500,328,555
1.1.4_C1_00056.png,960,540,knife,418,314,468,322,555
1.1.4_C1_00056.png,960,540,bagel,452,393,497,412,555
1.1.4_C1_00056.png,960,540,bread,396,393,448,414,555
1.1.4_C1_00056.png,960,540,apple,414,378,470,400,555
1.1.4_C1_00056.png,960,540,plate,392,383,504,420,555
1.1.4_C1_00056.png,960,540,cream cheese,324,360,360,406,555
1.1.4_C1_00056.png,960,540,cream cheese,354,356,393,394,555
1.1.4_C1_00057.png,960,540,spray bottle,52,320,112,452,565
1.1.4_C1_00057.png,960,540,cabinet,389,0,644,132,565
1.1.4_C1_00057.png,960,540,cabinet,0,4,188,128,565
1.1.4_C1_00057.png,960,540,refrigerator,798,84,960,540,565
1.1.4_C1_00057.png,960,540,bread,3,266,40,294,565
1.1.4_C1_00057.png,960,540,bagel,39,259,74,290,565
1.1.4_C1_00057.png,960,540,tray,89,221,152,232,565
1.1.4_C1_00057.png,960,540,toaster oven,78,230,183,282,565
1.1.4_C1_00057.png,960,540,box,140,393,236,456,565
1.1.4_C1_00057.png,960,540,cutting board,534,216,589,259,565
1.1.4_C1_00057.png,960,540,paper towel,906,156,960,187,565
1.1.4_C1_00057.png,960,540,kettle,570,225,614,278,565
1.1.4_C1_00057.png,960,540,mug,235,362,278,412,565
1.1.4_C1_00057.png,960,540,glass,280,367,312,404,565
1.1.4_C1_00057.png,960,540,cream cheese,322,362,359,406,565
1.1.4_C1_00057.png,960,540,cream cheese,352,354,390,394,565
1.1.4_C1_00057.png,960,540,bagel,460,315,502,340,565
1.1.4_C1_00057.png,960,540,bagel,456,392,496,412,565
1.1.4_C1_00057.png,960,540,knife,450,316,490,324,565
1.1.4_C1_00057.png,960,540,bread,393,394,444,414,565
1.1.4_C1_00057.png,960,540,apple,415,378,474,398,565
1.1.4_C1_00057.png,960,540,plate,390,382,504,420,565
1.1.4_C1_00057.png,960,540,bowl,330,411,394,456,565
1.1.4_C1_00057.png,960,540,spoon,307,413,356,438,565
1.1.4_C1_00058.png,960,540,spray bottle,52,320,112,452,575
1.1.4_C1_00058.png,960,540,cabinet,389,0,644,132,575
1.1.4_C1_00058.png,960,540,cabinet,0,4,188,128,575
1.1.4_C1_00058.png,960,540,refrigerator,798,84,960,540,575
1.1.4_C1_00058.png,960,540,bread,3,266,40,294,575
1.1.4_C1_00058.png,960,540,bagel,39,259,74,290,575
1.1.4_C1_00058.png,960,540,tray,89,221,152,232,575
1.1.4_C1_00058.png,960,540,toaster oven,78,230,183,282,575
1.1.4_C1_00058.png,960,540,box,140,393,236,456,575
1.1.4_C1_00058.png,960,540,cutting board,534,216,589,259,575
1.1.4_C1_00058.png,960,540,paper towel,906,156,960,187,575
1.1.4_C1_00058.png,960,540,kettle,570,225,614,278,575
1.1.4_C1_00058.png,960,540,mug,234,362,276,412,575
1.1.4_C1_00058.png,960,540,glass,280,365,312,404,575
1.1.4_C1_00058.png,960,540,cream cheese,323,366,359,406,575
1.1.4_C1_00058.png,960,540,cream cheese,352,356,391,394,575
1.1.4_C1_00058.png,960,540,bread,395,394,443,414,575
1.1.4_C1_00058.png,960,540,bagel,456,392,493,414,575
1.1.4_C1_00058.png,960,540,bagel,462,320,500,342,575
1.1.4_C1_00058.png,960,540,knife,420,319,476,336,575
1.1.4_C1_00058.png,960,540,apple,414,378,470,398,575
1.1.4_C1_00058.png,960,540,plate,392,382,504,420,575
1.1.4_C1_00058.png,960,540,bowl,332,412,394,457,575
1.1.4_C1_00058.png,960,540,spoon,306,411,350,434,575
1.1.4_C1_00059.png,960,540,spray bottle,52,320,112,452,585
1.1.4_C1_00059.png,960,540,cabinet,389,0,644,132,585
1.1.4_C1_00059.png,960,540,cabinet,0,4,188,128,585
1.1.4_C1_00059.png,960,540,refrigerator,798,84,960,540,585
1.1.4_C1_00059.png,960,540,bread,3,266,40,294,585
1.1.4_C1_00059.png,960,540,bagel,39,259,74,290,585
1.1.4_C1_00059.png,960,540,tray,89,221,152,232,585
1.1.4_C1_00059.png,960,540,toaster oven,78,230,183,282,585
1.1.4_C1_00059.png,960,540,box,140,393,236,456,585
1.1.4_C1_00059.png,960,540,cutting board,534,216,589,259,585
1.1.4_C1_00059.png,960,540,paper towel,906,156,960,187,585
1.1.4_C1_00059.png,960,540,kettle,570,225,614,278,585
1.1.4_C1_00059.png,960,540,mug,235,361,276,413,585
1.1.4_C1_00059.png,960,540,glass,278,367,311,406,585
1.1.4_C1_00059.png,960,540,cream cheese,324,364,358,406,585
1.1.4_C1_00059.png,960,540,cream cheese,352,354,391,395,585
1.1.4_C1_00059.png,960,540,bagel,472,323,514,347,585
1.1.4_C1_00059.png,960,540,bagel,456,390,496,412,585
1.1.4_C1_00059.png,960,540,apple,410,378,468,398,585
1.1.4_C1_00059.png,960,540,knife,448,325,498,334,585
1.1.4_C1_00059.png,960,540,bread,394,394,446,414,585
1.1.4_C1_00059.png,960,540,plate,392,384,504,418,585
1.1.4_C1_00059.png,960,540,bowl,332,414,394,456,585
1.1.4_C1_00059.png,960,540,spoon,302,410,350,434,585
1.1.4_C1_00060.png,960,540,spray bottle,52,320,112,452,595
1.1.4_C1_00060.png,960,540,cabinet,389,0,644,132,595
1.1.4_C1_00060.png,960,540,cabinet,0,4,188,128,595
1.1.4_C1_00060.png,960,540,refrigerator,798,84,960,540,595
1.1.4_C1_00060.png,960,540,bread,3,266,40,294,595
1.1.4_C1_00060.png,960,540,bagel,39,259,74,290,595
1.1.4_C1_00060.png,960,540,tray,89,221,152,232,595
1.1.4_C1_00060.png,960,540,toaster oven,78,230,183,282,595
1.1.4_C1_00060.png,960,540,box,140,393,236,456,595
1.1.4_C1_00060.png,960,540,cutting board,534,216,589,259,595
1.1.4_C1_00060.png,960,540,paper towel,906,156,960,187,595
1.1.4_C1_00060.png,960,540,kettle,570,225,614,278,595
1.1.4_C1_00060.png,960,540,bagel,482,304,520,330,595
1.1.4_C1_00060.png,960,540,bagel,454,392,498,412,595
1.1.4_C1_00060.png,960,540,bread,394,395,444,412,595
1.1.4_C1_00060.png,960,540,apple,412,378,472,398,595
1.1.4_C1_00060.png,960,540,cream cheese,354,356,392,394,595
1.1.4_C1_00060.png,960,540,cream cheese,323,360,361,406,595
1.1.4_C1_00060.png,960,540,mug,235,362,278,414,595
1.1.4_C1_00060.png,960,540,glass,280,365,313,404,595
1.1.4_C1_00060.png,960,540,bowl,334,414,393,456,595
1.1.4_C1_00060.png,960,540,spoon,306,412,356,435,595
1.1.4_C1_00060.png,960,540,plate,393,383,504,422,595
1.1.4_C1_00060.png,960,540,knife,441,310,490,331,595
1.1.4_C1_00061.png,960,540,spray bottle,52,320,112,452,605
1.1.4_C1_00061.png,960,540,cabinet,389,0,644,132,605
1.1.4_C1_00061.png,960,540,cabinet,0,4,188,128,605
1.1.4_C1_00061.png,960,540,refrigerator,798,84,960,540,605
1.1.4_C1_00061.png,960,540,bread,3,266,40,294,605
1.1.4_C1_00061.png,960,540,bagel,39,259,74,290,605
1.1.4_C1_00061.png,960,540,tray,89,221,152,232,605
1.1.4_C1_00061.png,960,540,toaster oven,78,230,183,282,605
1.1.4_C1_00061.png,960,540,box,140,393,236,456,605
1.1.4_C1_00061.png,960,540,paper towel,906,156,960,187,605
1.1.4_C1_00061.png,960,540,mug,234,363,276,412,605
1.1.4_C1_00061.png,960,540,glass,278,366,312,404,605
1.1.4_C1_00061.png,960,540,cream cheese,322,359,359,406,605
1.1.4_C1_00061.png,960,540,cream cheese,354,356,390,395,605
1.1.4_C1_00061.png,960,540,bowl,332,414,392,456,605
1.1.4_C1_00061.png,960,540,spoon,306,410,354,438,605
1.1.4_C1_00061.png,960,540,bread,393,394,444,414,605
1.1.4_C1_00061.png,960,540,bagel,457,382,494,401,605
1.1.4_C1_00061.png,960,540,bagel,500,371,545,393,605
1.1.4_C1_00061.png,960,540,apple,416,378,457,400,605
1.1.4_C1_00061.png,960,540,plate,392,381,502,420,605
1.1.4_C1_00062.png,960,540,spray bottle,52,320,112,452,615
1.1.4_C1_00062.png,960,540,cabinet,389,0,644,132,615
1.1.4_C1_00062.png,960,540,cabinet,0,4,188,128,615
1.1.4_C1_00062.png,960,540,refrigerator,798,84,960,540,615
1.1.4_C1_00062.png,960,540,bread,3,266,40,294,615
1.1.4_C1_00062.png,960,540,bagel,39,259,74,290,615
1.1.4_C1_00062.png,960,540,tray,89,221,152,232,615
1.1.4_C1_00062.png,960,540,toaster oven,78,230,183,282,615
1.1.4_C1_00062.png,960,540,box,140,393,236,456,615
1.1.4_C1_00062.png,960,540,cutting board,534,216,589,259,615
1.1.4_C1_00062.png,960,540,paper towel,906,156,960,187,615
1.1.4_C1_00062.png,960,540,kettle,570,225,614,278,615
1.1.4_C1_00062.png,960,540,bagel,470,300,504,333,615
1.1.4_C1_00062.png,960,540,knife,432,314,474,330,615
1.1.4_C1_00062.png,960,540,apple,411,380,472,400,615
1.1.4_C1_00062.png,960,540,bread,398,395,443,414,615
1.1.4_C1_00062.png,960,540,bread,448,394,490,412,615
1.1.4_C1_00062.png,960,540,plate,391,384,504,418,615
1.1.4_C1_00062.png,960,540,cream cheese,324,364,358,406,615
1.1.4_C1_00062.png,960,540,cream cheese,346,352,394,390,615
1.1.4_C1_00062.png,960,540,bowl,332,411,392,454,615
1.1.4_C1_00062.png,960,540,spoon,306,412,348,434,615
1.1.4_C1_00062.png,960,540,glass,280,367,312,404,615
1.1.4_C1_00062.png,960,540,mug,234,361,275,411,615
1.1.4_C1_00063.png,960,540,spray bottle,52,320,112,452,625
1.1.4_C1_00063.png,960,540,cabinet,389,0,644,132,625
1.1.4_C1_00063.png,960,540,cabinet,0,4,188,128,625
1.1.4_C1_00063.png,960,540,refrigerator,798,84,960,540,625
1.1.4_C1_00063.png,960,540,bread,3,266,40,294,625
1.1.4_C1_00063.png,960,540,bagel,39,259,74,290,625
1.1.4_C1_00063.png,960,540,tray,89,221,152,232,625
1.1.4_C1_00063.png,960,540,toaster oven,78,230,183,282,625
1.1.4_C1_00063.png,960,540,box,140,393,236,456,625
1.1.4_C1_00063.png,960,540,cutting board,534,216,589,259,625
1.1.4_C1_00063.png,960,540,paper towel,906,156,960,187,625
1.1.4_C1_00063.png,960,540,kettle,570,225,614,278,625
1.1.4_C1_00063.png,960,540,mug,236,362,276,412,625
1.1.4_C1_00063.png,960,540,glass,278,366,312,405,625
1.1.4_C1_00063.png,960,540,cream cheese,322,361,361,406,625
1.1.4_C1_00063.png,960,540,cream cheese,348,352,392,390,625
1.1.4_C1_00063.png,960,540,bagel,462,328,504,343,625
1.1.4_C1_00063.png,960,540,knife,437,308,467,334,625
1.1.4_C1_00063.png,960,540,bagel,446,396,490,414,625
1.1.4_C1_00063.png,960,540,apple,414,377,474,399,625
1.1.4_C1_00063.png,960,540,bread,393,396,444,414,625
1.1.4_C1_00063.png,960,540,plate,393,384,504,420,625
1.1.4_C1_00063.png,960,540,bowl,330,410,393,458,625
1.1.4_C1_00063.png,960,540,spoon,302,410,346,434,625
1.1.4_C1_00064.png,960,540,spray bottle,52,320,112,452,635
1.1.4_C1_00064.png,960,540,cabinet,389,0,644,132,635
1.1.4_C1_00064.png,960,540,cabinet,0,4,188,128,635
1.1.4_C1_00064.png,960,540,refrigerator,798,84,960,540,635
1.1.4_C1_00064.png,960,540,bread,3,266,40,294,635
1.1.4_C1_00064.png,960,540,bagel,39,259,74,290,635
1.1.4_C1_00064.png,960,540,tray,89,221,152,232,635
1.1.4_C1_00064.png,960,540,toaster oven,78,230,183,282,635
1.1.4_C1_00064.png,960,540,box,140,393,236,456,635
1.1.4_C1_00064.png,960,540,cutting board,534,216,589,259,635
1.1.4_C1_00064.png,960,540,paper towel,906,156,960,187,635
1.1.4_C1_00064.png,960,540,kettle,570,225,614,278,635
1.1.4_C1_00064.png,960,540,mug,235,360,275,413,635
1.1.4_C1_00064.png,960,540,glass,279,366,312,404,635
1.1.4_C1_00064.png,960,540,cream cheese,322,362,359,406,635
1.1.4_C1_00064.png,960,540,cream cheese,347,352,394,390,635
1.1.4_C1_00064.png,960,540,bagel,480,318,516,346,635
1.1.4_C1_00064.png,960,540,bagel,448,394,490,414,635
1.1.4_C1_00064.png,960,540,apple,410,376,474,398,635
1.1.4_C1_00064.png,960,540,knife,452,320,508,326,635
1.1.4_C1_00064.png,960,540,bread,394,395,444,415,635
1.1.4_C1_00064.png,960,540,plate,392,384,504,419,635
1.1.4_C1_00064.png,960,540,bowl,328,413,392,454,635
1.1.4_C1_00064.png,960,540,spoon,304,412,352,435,635
1.1.4_C1_00065.png,960,540,spray bottle,52,320,112,452,645
1.1.4_C1_00065.png,960,540,cabinet,389,0,644,132,645
1.1.4_C1_00065.png,960,540,cabinet,0,4,188,128,645
1.1.4_C1_00065.png,960,540,refrigerator,798,84,960,540,645
1.1.4_C1_00065.png,960,540,bread,3,266,40,294,645
1.1.4_C1_00065.png,960,540,bagel,39,259,74,290,645
1.1.4_C1_00065.png,960,540,tray,89,221,152,232,645
1.1.4_C1_00065.png,960,540,toaster oven,78,230,183,282,645
1.1.4_C1_00065.png,960,540,box,140,393,236,456,645
1.1.4_C1_00065.png,960,540,cutting board,534,216,589,259,645
1.1.4_C1_00065.png,960,540,paper towel,906,156,960,187,645
1.1.4_C1_00065.png,960,540,kettle,570,225,614,278,645
1.1.4_C1_00065.png,960,540,mug,234,362,275,413,645
1.1.4_C1_00065.png,960,540,glass,276,367,312,405,645
1.1.4_C1_00065.png,960,540,cream cheese,379,303,440,343,645
1.1.4_C1_00065.png,960,540,bread,394,394,444,414,645
1.1.4_C1_00065.png,960,540,apple,410,378,468,399,645
1.1.4_C1_00065.png,960,540,bagel,450,389,492,412,645
1.1.4_C1_00065.png,960,540,plate,390,383,504,420,645
1.1.4_C1_00065.png,960,540,bowl,332,412,394,456,645
1.1.4_C1_00065.png,960,540,spoon,305,410,352,435,645
1.1.4_C1_00065.png,960,540,knife,302,374,358,392,645
1.1.4_C1_00066.png,960,540,spray bottle,52,320,112,452,655
1.1.4_C1_00066.png,960,540,cabinet,389,0,644,132,655
1.1.4_C1_00066.png,960,540,cabinet,0,4,188,128,655
1.1.4_C1_00066.png,960,540,refrigerator,798,84,960,540,655
1.1.4_C1_00066.png,960,540,sink,420,198,500,267,655
1.1.4_C1_00066.png,960,540,bread,3,266,40,294,655
1.1.4_C1_00066.png,960,540,bagel,39,259,74,290,655
1.1.4_C1_00066.png,960,540,tray,89,221,152,232,655
1.1.4_C1_00066.png,960,540,toaster oven,78,230,183,282,655
1.1.4_C1_00066.png,960,540,box,140,393,236,456,655
1.1.4_C1_00066.png,960,540,paper towel,906,156,960,187,655
1.1.4_C1_00066.png,960,540,plate,392,386,502,419,655
1.1.4_C1_00066.png,960,540,apple,410,378,470,398,655
1.1.4_C1_00066.png,960,540,bread,392,396,445,414,655
1.1.4_C1_00066.png,960,540,bagel,447,386,498,414,655
1.1.4_C1_00066.png,960,540,mug,234,362,275,412,655
1.1.4_C1_00066.png,960,540,glass,278,367,314,404,655
1.1.4_C1_00066.png,960,540,bowl,329,412,392,456,655
1.1.4_C1_00066.png,960,540,spoon,306,410,347,433,655
1.1.4_C1_00066.png,960,540,knife,306,374,357,393,655
1.1.4_C1_00067.png,960,540,spray bottle,52,320,112,452,665
1.1.4_C1_00067.png,960,540,cabinet,389,0,644,132,665
1.1.4_C1_00067.png,960,540,cabinet,0,4,188,128,665
1.1.4_C1_00067.png,960,540,refrigerator,798,84,960,540,665
1.1.4_C1_00067.png,960,540,sink,420,198,500,267,665
1.1.4_C1_00067.png,960,540,bread,3,266,40,294,665
1.1.4_C1_00067.png,960,540,bagel,39,259,74,290,665
1.1.4_C1_00067.png,960,540,tray,89,221,152,232,665
1.1.4_C1_00067.png,960,540,toaster oven,78,230,183,282,665
1.1.4_C1_00067.png,960,540,box,140,393,236,456,665
1.1.4_C1_00067.png,960,540,cutting board,534,216,589,259,665
1.1.4_C1_00067.png,960,540,paper towel,906,156,960,187,665
1.1.4_C1_00067.png,960,540,kettle,570,225,614,278,665
1.1.4_C1_00067.png,960,540,glass,250,286,280,314,665
1.1.4_C1_00067.png,960,540,bowl,294,319,340,352,665
1.1.4_C1_00067.png,960,540,spoon,276,312,310,333,665
1.1.4_C1_00067.png,960,540,plate,125,279,196,290,665
1.1.4_C1_00067.png,960,540,apple,167,276,195,288,665
1.1.4_C1_00067.png,960,540,bagel,132,276,166,290,665
1.1.4_C1_00067.png,960,540,mug,235,362,275,412,665
1.1.4_C1_00068.png,960,540,spray bottle,52,320,112,452,675
1.1.4_C1_00068.png,960,540,cabinet,389,0,644,132,675
1.1.4_C1_00068.png,960,540,cabinet,0,4,188,128,675
1.1.4_C1_00068.png,960,540,refrigerator,798,84,960,540,675
1.1.4_C1_00068.png,960,540,sink,420,198,500,267,675
1.1.4_C1_00068.png,960,540,bread,3,266,40,294,675
1.1.4_C1_00068.png,960,540,bagel,39,259,74,290,675
1.1.4_C1_00068.png,960,540,tray,89,221,152,232,675
1.1.4_C1_00068.png,960,540,toaster oven,78,230,183,282,675
1.1.4_C1_00068.png,960,540,box,140,393,236,456,675
1.1.4_C1_00068.png,960,540,cutting board,534,216,589,259,675
1.1.4_C1_00068.png,960,540,paper towel,906,156,960,187,675
1.1.4_C1_00068.png,960,540,kettle,570,225,614,278,675
1.1.4_C1_00068.png,960,540,mug,235,360,276,412,675
1.1.4_C1_00068.png,960,540,glass,126,270,148,289,675
1.1.4_C1_00068.png,960,540,bagel,162,263,192,278,675
1.1.4_C1_00068.png,960,540,bowl,148,276,177,288,675
1.1.4_C1_00068.png,960,540,plate,126,273,192,293,675
1.1.4_C1_00069.png,960,540,spray bottle,52,320,112,452,685
1.1.4_C1_00069.png,960,540,cabinet,389,0,644,132,685
1.1.4_C1_00069.png,960,540,cabinet,0,4,188,128,685
1.1.4_C1_00069.png,960,540,refrigerator,798,84,960,540,685
1.1.4_C1_00069.png,960,540,sink,420,198,500,267,685
1.1.4_C1_00069.png,960,540,bread,3,266,40,294,685
1.1.4_C1_00069.png,960,540,bagel,39,259,74,290,685
1.1.4_C1_00069.png,960,540,tray,89,221,152,232,685
1.1.4_C1_00069.png,960,540,toaster oven,78,230,183,282,685
1.1.4_C1_00069.png,960,540,box,140,393,236,456,685
1.1.4_C1_00069.png,960,540,cutting board,534,216,589,259,685
1.1.4_C1_00069.png,960,540,paper towel,906,156,960,187,685
1.1.4_C1_00069.png,960,540,kettle,570,225,614,278,685
1.1.4_C1_00070.png,960,540,spray bottle,52,320,112,452,695
1.1.4_C1_00070.png,960,540,cabinet,389,0,644,132,695
1.1.4_C1_00070.png,960,540,cabinet,0,4,188,128,695
1.1.4_C1_00070.png,960,540,refrigerator,798,84,960,540,695
1.1.4_C1_00070.png,960,540,sink,420,198,500,267,695
1.1.4_C1_00070.png,960,540,bread,3,266,40,294,695
1.1.4_C1_00070.png,960,540,bagel,39,259,74,290,695
1.1.4_C1_00070.png,960,540,tray,89,221,152,232,695
1.1.4_C1_00070.png,960,540,toaster oven,78,230,183,282,695
1.1.4_C1_00070.png,960,540,box,140,393,236,456,695
1.1.4_C1_00070.png,960,540,cutting board,534,216,589,259,695
1.1.4_C1_00070.png,960,540,paper towel,906,156,960,187,695
1.1.4_C1_00070.png,960,540,kettle,570,225,614,278,695
1.1.4_C1_00070.png,960,540,mug,100,268,132,295,695
1.1.4_C1_00070.png,960,540,glass,128,268,149,289,695
1.1.4_C1_00070.png,960,540,bowl,142,272,176,292,695
1.1.4_C1_00070.png,960,540,bagel,152,266,190,278,695
1.1.4_C1_00070.png,960,540,plate,112,276,194,290,695
1.1.4_C1_00070.png,960,540,paper towel,266,340,372,360,695
1.1.4_C1_00071.png,960,540,spray bottle,52,320,112,452,705
1.1.4_C1_00071.png,960,540,cabinet,389,0,644,132,705
1.1.4_C1_00071.png,960,540,cabinet,0,4,188,128,705
1.1.4_C1_00071.png,960,540,refrigerator,798,84,960,540,705
1.1.4_C1_00071.png,960,540,bread,3,266,40,294,705
1.1.4_C1_00071.png,960,540,bagel,39,259,74,290,705
1.1.4_C1_00071.png,960,540,tray,89,221,152,232,705
1.1.4_C1_00071.png,960,540,toaster oven,78,230,183,282,705
1.1.4_C1_00071.png,960,540,box,140,393,236,456,705
1.1.4_C1_00071.png,960,540,cutting board,534,216,589,259,705
1.1.4_C1_00071.png,960,540,paper towel,906,156,960,187,705
1.1.4_C1_00071.png,960,540,kettle,570,225,614,278,705
1.1.4_C1_00071.png,960,540,paper towel,418,392,514,434,705
1.1.4_C1_00071.png,960,540,mug,100,268,128,298,705
1.1.4_C1_00071.png,960,540,bowl,148,272,178,290,705
1.1.4_C1_00071.png,960,540,glass,127,266,150,288,705
1.1.4_C1_00071.png,960,540,bagel,162,264,190,280,705
1.1.4_C1_00071.png,960,540,plate,129,276,192,292,705
1.1.4_C1_00072.png,960,540,spray bottle,52,320,112,452,715
1.1.4_C1_00072.png,960,540,cabinet,389,0,644,132,715
1.1.4_C1_00072.png,960,540,cabinet,0,4,188,128,715
1.1.4_C1_00072.png,960,540,refrigerator,798,84,960,540,715
1.1.4_C1_00072.png,960,540,bread,3,266,40,294,715
1.1.4_C1_00072.png,960,540,bagel,39,259,74,290,715
1.1.4_C1_00072.png,960,540,tray,89,221,152,232,715
1.1.4_C1_00072.png,960,540,toaster oven,78,230,183,282,715
1.1.4_C1_00072.png,960,540,box,140,393,236,456,715
1.1.4_C1_00072.png,960,540,cutting board,534,216,589,259,715
1.1.4_C1_00072.png,960,540,paper towel,906,156,960,187,715
1.1.4_C1_00072.png,960,540,kettle,570,225,614,278,715
1.1.4_C1_00072.png,960,540,mug,102,268,129,296,715
1.1.4_C1_00072.png,960,540,bagel,164,263,190,280,715
1.1.4_C1_00072.png,960,540,bowl,146,274,175,290,715
1.1.4_C1_00072.png,960,540,glass,130,270,149,290,715
1.1.4_C1_00072.png,960,540,plate,125,276,197,293,715
1.1.4_C1_00072.png,960,540,paper towel,312,267,390,308,715
1.1.4_C1_00073.png,960,540,spray bottle,52,320,112,452,725
1.1.4_C1_00073.png,960,540,cabinet,389,0,644,132,725
1.1.4_C1_00073.png,960,540,cabinet,0,4,188,128,725
1.1.4_C1_00073.png,960,540,refrigerator,798,84,960,540,725
1.1.4_C1_00073.png,960,540,sink,420,198,500,267,725
1.1.4_C1_00073.png,960,540,bread,3,266,40,294,725
1.1.4_C1_00073.png,960,540,bagel,39,259,74,290,725
1.1.4_C1_00073.png,960,540,tray,89,221,152,232,725
1.1.4_C1_00073.png,960,540,toaster oven,78,230,183,282,725
1.1.4_C1_00073.png,960,540,box,140,393,236,456,725
1.1.4_C1_00073.png,960,540,cutting board,534,216,589,259,725
1.1.4_C1_00073.png,960,540,paper towel,906,156,960,187,725
1.1.4_C1_00073.png,960,540,kettle,570,225,614,278,725
1.1.4_C1_00073.png,960,540,bagel,778,244,815,259,725
1.1.4_C1_00073.png,960,540,plate,764,254,822,273,725
